Date,Name,Family,Model,"Clock (Mhz)","Bus Width","Power (W)","Feature Size","Num Transistors","Die size",Vdd_low,Vdd_high,"L1.I (per core)","L1.D (per core)","L2 (available per core)","L2 Shared?",L3,hw_nthreadspercore,hw_ncoresperchip,hw_nchips,hw_ncores,basemean.int2006,peakmean.int2006,basemean.fp2006,peakmean.fp2006,basemean.rate.int2006,peakmean.rate.int2006,basemean.rate.fp2006,peakmean.rate.fp2006
2006/01/10,AMD,"Athlon 64",FX-60,2600,64,110,0.09,233,199,1.3,1.35,32,32,1024,no,0,1,2,1,2,10.1,NA,NA,NA,17.5,NA,NA,NA
,AMD,"Athlon 64",FX-62,2800,64,125,0.09,243,220,1.3,1.35,32,32,1024,no,0,1,2,1,2,11.4,NA,10.3,NA,21.8,NA,18.8,NA
2007/02/20,AMD,"Athlon X2",6000,3000,64,125,0.09,227,220,1.3,1.35,64,64,1024,no,0,1,2,1,2,12.9,13.7,13,13.2,23.7,24.7,20.6,21
2007/08/20,AMD,"Athlon X2",6400,3200,64,125,0.09,227,230,1.35,1.4,64,64,1024,no,0,1,2,1,2,14.3,15.1,13.8,14.1,26.6,27.7,22.2,22.7
2008/12/01,AMD,"Athlon X2",7550,2500,64,95,0.065,450,285,1.05,1.325,64,64,512,no,2048,1,2,1,2,13.1,13.8,13.8,13.9,23.8,24.8,21.8,22.3
2008/12/01,AMD,"Athlon X2",7750,2700,64,95,0.065,463,285,1.05,1.325,64,64,512,no,2048,1,2,1,2,14.2,15,14.3,14.4,25.1,26.2,22.4,22.9
2003/09/09,AMD,Opteron,146,2000,64,89,0.13,106,193,1.4,1.5,64,64,1024,,0,1,1,1,1,9.02,NA,NA,NA,NA,NA,NA,NA
,AMD,Opteron,254,2800,64,92.6,0.09,106,115,1.35,1.4,64,64,1024,,0,1,1,1,1,11.1,12.4,12.1,13,NA,NA,NA,NA
,AMD,Opteron,256,3000,64,92.6,0.09,106,115,1.35,1.4,64,64,1024,,0,1,1,1,1,11.9,13.3,12.7,13.2,NA,NA,NA,NA
,AMD,Opteron,890,2800,64,95,0.09,233,199,1.3,1.35,64,64,1024,no,0,1,2,1,2,12.6,13.9,12.7,13.5,22.6,25.2,20.4,21.5
2006/08/15,AMD,Opteron,1218,2600,64,103,0.09,227.4,230,1.3,1.35,64,64,1024,no,0,1,2,1,2,NA,NA,NA,NA,17.3,NA,14.8,NA
2008/04/01,AMD,Opteron,1352,2100,64,95,0.065,463,,,1.2,64,64,512,no,2048,1,4,1,4,NA,NA,NA,NA,41.4,50.6,41.6,46.3
2008/04/01,AMD,Opteron,1354,2200,64,95,0.065,463,,,1.2,64,64,512,no,2048,1,4,1,4,NA,NA,NA,NA,42.6,52.3,42.8,47.5
2008/04/01,AMD,Opteron,1356,2300,64,95,0.065,463,,,1.2,64,64,512,no,2048,1,4,1,4,NA,NA,NA,NA,44.3,54.4,44,49
2006/08/15,AMD,Opteron,2210,1800,64,95,0.09,227.4,230,1.3,1.35,64,64,1024,no,0,1,2,1,2,NA,NA,NA,NA,17.3,19.1,17.6,18.6
2006/08/15,AMD,Opteron,2212,2000,64,95,0.09,227.4,230,1.3,1.35,64,64,1024,no,0,1,2,1,2,NA,NA,NA,NA,19.2,21.2,19.5,20.5
2006/08/15,AMD,Opteron,2214,2200,64,95,0.09,227.4,230,1.3,1.35,64,64,1024,no,0,1,2,1,2,NA,NA,NA,NA,20.4,22.6,20.5,21.7
2006/08/15,AMD,Opteron,2216,2400,64,95,0.09,227.4,230,1.3,1.35,64,64,1024,no,0,1,2,1,2,NA,NA,NA,NA,21.6,24,21.4,22.5
2006/08/15,AMD,Opteron,2218,2600,64,95,0.09,227.4,230,1.3,1.35,64,64,1024,no,0,1,2,1,2,NA,NA,NA,NA,23.3,25.9,23.1,24.4
2007/02/01,AMD,Opteron,2220,2800,64,95,0.09,227.4,230,1.3,1.35,64,64,1024,no,0,1,2,1,2,12.7,14,13.2,16.6,24.3,27,23.6,25
2007/08/05,AMD,Opteron,2222,3000,64,95,0.09,227.4,230,1.3,1.35,64,64,1024,no,0,1,2,1,2,14.5,15.5,14.8,15.1,27.7,30.7,26.1,28.2
2007/09/10,AMD,Opteron,2350,2000,64,95,0.065,463,285,,1.2,64,64,512,no,2048,1,4,1,4,NA,NA,NA,NA,40.9,47.1,37.7,41.3
2008/04/09,AMD,Opteron,2356,2300,64,95,0.065,463,285,,1.2,64,64,512,no,2048,1,4,1,4,NA,NA,NA,NA,45.7,52.4,41.3,45.2
2008/11/13,AMD,Opteron,2384,2700,64,115,0.045,,,,1.35,64,64,512,no,6144,1,4,1,4,17.5,21.1,19.5,21.7,57.1,68.8,53.3,59.7
2009/04/22,AMD,Opteron,2389,2900,64,115,0.045,,,,1.325,64,64,512,no,6144,1,4,1,4,NA,NA,NA,NA,61.4,72.5,54.8,60.4
2009/06/02,AMD,Opteron,2435,2600,64,115,0.045,904,346,,1.3,64,64,512,no,6144,1,6,1,6,18.1,21.2,22.1,24.1,82.1,104,65.2,72.2
2006/08/15,AMD,Opteron,"2220 SE",2800,64,119,0.09,,,1.325,1.375,64,64,1024,no,0,1,2,1,2,12.7,14,NA,NA,24.1,26.7,NA,NA
2007/04/23,AMD,Opteron,"2222 SE",3000,64,119,0.09,,,1.325,1.375,64,64,1024,no,0,1,2,1,2,13.5,14.9,14.3,15.2,24.3,27.1,NA,NA
2008/04/01,AMD,Opteron,"2360 SE",2500,64,119,0.065,463,285,,,64,64,512,no,2048,1,4,1,4,NA,NA,NA,NA,48,56.4,43.4,48.2
2009/07/13,AMD,Opteron,"2439 SE",2800,64,137,0.045,,,,1.3,64,64,512,no,6144,1,6,1,6,NA,NA,NA,NA,86,109,67.2,74.4
2009/02/09,AMD,"Phenom II X3",710,2600,64,95,0.045,758,258,0.875,1.425,64,64,512,no,6144,1,3,1,3,15.1,16,16,16.2,37.9,39.1,31.7,32.4
2009/02/09,AMD,"Phenom II X3",720,2800,64,95,0.045,758,258,0.875,1.425,64,64,512,no,6144,1,3,1,3,16,17,16.7,17,39.7,41.2,33,33.7
2009/02/09,AMD,"Phenom II X4",805,2500,64,95,0.045,758,258,0.875,1.425,64,64,512,no,4096,1,4,1,4,14.5,15.4,15.6,15.8,43.7,44.9,36.5,37.2
2009/02/09,AMD,"Phenom II X4",810,2600,64,95,0.045,758,258,0.875,1.425,64,64,512,no,4096,1,4,1,4,14.7,15.6,15.9,16.2,44.5,45.7,37.2,37.9
2009/02/09,AMD,"Phenom II X4",910,2600,64,95,0.045,758,258,0.875,1.425,64,64,512,no,6144,1,4,1,4,15.2,16.1,16.3,16.5,45.2,46.7,37.7,38.5
2009/01/08,AMD,"Phenom II X4",920,2800,64,125,0.045,758,258,0.875,1.425,64,64,512,no,6144,1,4,1,4,15.8,16.7,17,17.2,48.1,49.6,39.7,40.5
2009/05/01,AMD,"Phenom II X4",925,2800,64,95,0.045,758,258,0.85,1.425,64,64,512,no,6144,1,4,1,4,16,17,17,17.2,47.5,48.9,39,39.8
2009/01/08,AMD,"Phenom II X4",940,3000,64,125,0.045,758,258,0.875,1.425,64,64,512,no,6144,1,4,1,4,16.4,17.3,NA,NA,51.9,53.5,41.6,42.4
2009/11/11,AMD,"Phenom II X4",955,3200,64,125,0.045,758,258,0.85,1.4,64,64,512,no,6144,1,4,1,4,17.6,18.6,18.4,18.6,51.9,53.4,41.8,42.6
2008/04/23,AMD,"Phenom X3",8750,2400,64,95,0.065,463,283,1.2,1.25,64,64,512,no,2048,1,3,1,3,12.7,13.4,14,14.2,33.3,34.3,28.9,29.6
2008/03/27,AMD,"Phenom X4",9750,2400,64,95,0.065,463,283,1.15,1.25,64,64,512,no,2048,1,4,1,4,12.6,13.2,14.2,14.4,42.2,43.3,35.1,35.9
2008/07/01,AMD,"Phenom X4",9850,2500,64,125,0.065,463,283,1.2,1.3,64,64,512,no,2048,1,4,1,4,13.2,13.8,14.8,14.9,43.9,45.1,36.2,37
2008/07/01,AMD,"Phenom X4",9950,2600,64,140,0.065,463,283,1.25,1.3,64,64,512,no,2048,1,4,1,4,13.4,14,15.1,15.3,44.9,46.1,36.9,37.8
2008/07/01,AMD,"Phenom X4",9350e,2000,64,65,0.065,463,283,1.075,1.125,64,64,512,no,2048,1,4,1,4,10.9,11.4,12.7,12.8,37.6,38.5,31.9,32.6
2007/05/21,IBM,Power6,595,5000,64,160,0.065,790,341,,,64,64,4096,no,0,1,2,1,1,NA,NA,20.1,24.9,NA,NA,NA,NA
2007/05/21,IBM,Power6,,3500,64,160,0.065,790,341,,,64,64,4096,no,0,1,2,1,1,13.3,16.2,13.6,16.5,NA,NA,NA,NA
2007/05/21,IBM,Power6,,3800,64,160,0.065,790,341,,,64,64,4096,no,0,1,2,1,1,13.6,16.1,14.2,17.9,NA,NA,NA,NA
2007/05/21,IBM,Power6,,3800,64,160,0.065,790,341,,,64,64,4096,no,0,2,2,1,2,NA,NA,NA,NA,41.2,45.9,36.2,42.5
2007/05/21,IBM,Power6,,4200,64,160,0.065,790,341,,,64,64,4096,no,0,1,1,1,1,15.8,19.2,16.3,19.6,NA,NA,NA,NA
2007/05/21,IBM,Power6,,4200,64,160,0.065,790,341,,,64,64,4096,no,0,2,2,1,2,NA,NA,NA,NA,41.2,45.4,35.7,40.5
2007/05/21,IBM,Power6,575,4700,64,160,0.065,790,341,,,64,64,4096,no,0,1,2,1,1,17.8,21.7,18.7,22.5,NA,NA,NA,NA
2007/05/21,IBM,Power6,575,4700,64,160,0.065,790,341,,,64,64,4096,no,0,2,2,1,2,NA,NA,NA,NA,53.2,60.9,51.5,58
2010/02/01,IBM,Power7,710,3550,64,200,0.045,1200,567,,,32,32,256,no,32768,4,8,1,8,NA,NA,NA,NA,255,289,229,248
2010/02/01,IBM,Power7,710,3700,64,200,0.045,1200,567,,,32,32,256,no,24576,4,6,1,6,NA,NA,NA,NA,210,239,198,213
2006/09/01,Intel,Celeron,440,2000,64,35,0.065,105,77,1.05,1.3,32,32,512,,0,1,1,1,1,11.1,11.7,11.4,11.5,NA,NA,NA,NA
,Intel,Celeron,445,1860,64,65,0.065,105,77,1.05,1.3,32,32,512,,0,1,1,1,1,10.9,12.3,11.1,11.6,10.9,12.3,11.1,11.6
2010/01/07,Intel,Celeron,G1101,2260,64,73,0.032,,,0.65,1.4,32,32,256,no,2048,1,2,1,2,18.7,20.2,22.1,23,32.3,35.8,34.6,35.9
2008/09/01,Intel,Celeron,"M 723",1200,64,10,0.045,410,107,1.05,1.15,32,32,1024,,0,1,1,1,1,NA,NA,NA,NA,9,NA,8.9,NA
2007/01/27,Intel,"Core 2 Duo",E4300,1800,64,65,0.065,167,111,0.85,1.5,32,32,2048,yes,0,1,2,1,2,11.4,NA,NA,NA,19.8,NA,NA,NA
2007/07/22,Intel,"Core 2 Duo",E4500,2200,64,65,0.065,167,111,0.85,1.5,32,32,2048,yes,0,1,2,1,2,NA,NA,NA,NA,25,28,22.7,23.8
2007/10/21,Intel,"Core 2 Duo",E4600,2400,64,65,0.065,167,111,1.162,1.312,32,32,2048,yes,0,1,2,1,2,15.6,17.7,15.6,16.5,26.4,29.5,23.5,24.8
2006/07/27,Intel,"Core 2 Duo",E6300,1860,64,65,0.065,291,143,0.85,1.5,32,32,2048,yes,0,1,2,1,2,12.3,NA,11.6,NA,21.4,NA,19.6,NA
,Intel,"Core 2 Duo",E6305,1860,64,65,0.065,,,,,32,32,2048,yes,0,1,2,1,2,12.8,14.7,12.8,13.6,21.5,24.6,19.3,19.5
2006/07/27,Intel,"Core 2 Duo",E6400,2130,64,65,0.065,291,143,0.85,1.5,32,32,2048,yes,0,1,2,1,2,13.6,NA,12.8,NA,23.4,NA,21.3,NA
,Intel,"Core 2 Duo",E6405,2130,64,65,0.065,,,,,32,32,2048,yes,0,1,2,1,2,14.1,16.3,13.9,14.8,23.3,26.8,20.7,20.9
2006/07/27,Intel,"Core 2 Duo",E6600,2400,64,65,0.065,291,143,0.85,1.5,32,32,4096,yes,0,1,2,1,2,15.8,NA,14.5,NA,27.1,NA,23.7,NA
2006/07/27,Intel,"Core 2 Duo",E6700,2670,64,65,0.065,291,143,0.85,1.5,32,32,4096,yes,0,1,2,1,2,17.9,20,16.3,16.9,30,33.5,25.5,26.2
2007/07/22,Intel,"Core 2 Duo",E6750,2670,64,65,0.065,291,143,0.85,1.5,32,32,4096,yes,0,1,2,1,2,18.3,20.5,17.1,17.7,31.5,35.3,27.7,28.4
2007/07/22,Intel,"Core 2 Duo",E6850,3000,64,65,0.065,291,143,0.85,1.5,32,32,4096,yes,0,1,2,1,2,21.3,23,19.9,20.6,37,39.2,31.2,32.5
2008/04/20,Intel,"Core 2 Duo",E7200,2530,64,65,0.045,420,107,0.85,1.3625,32,32,3072,yes,0,1,2,1,2,19.6,21.4,17.6,18.2,34.2,35.7,26.7,28.2
2008/08/10,Intel,"Core 2 Duo",E7300,2670,64,65,0.045,420,107,0.85,1.3625,32,32,3072,yes,0,1,2,1,2,20.4,22.3,18.2,18.8,35.4,37,27.3,28.2
2008/10/19,Intel,"Core 2 Duo",E7400,2800,64,65,0.045,420,107,0.85,1.3625,32,32,3072,yes,0,1,2,1,2,21.4,23.8,20.7,21.5,37.6,40,30.1,30.9
2009/01/18,Intel,"Core 2 Duo",E7500,2930,64,65,0.045,420,107,0.85,1.3625,32,32,3072,yes,0,1,2,1,2,NA,NA,NA,NA,34.2,35.9,NA,NA
2009/05/31,Intel,"Core 2 Duo",E7600,3060,64,65,0.045,420,107,0.85,1.3625,32,32,3072,yes,0,1,2,1,2,22.5,24.4,20.1,20.6,38.8,40.4,29.5,30.5
2008/01/20,Intel,"Core 2 Duo",E8200,2670,64,65,0.045,410,107,0.85,1.3625,32,32,6144,yes,0,1,2,1,2,21.9,23.9,19.2,19.8,39,40.9,29.1,30.7
2008/01/20,Intel,"Core 2 Duo",E8400,3000,64,65,0.045,410,107,0.85,1.3625,32,32,6144,yes,0,1,2,1,2,24.2,26.3,20.9,21.5,42.5,44.7,31,32.7
2008/01/20,Intel,"Core 2 Duo",E8500,3160,64,65,0.045,410,107,0.85,1.3625,32,32,6144,yes,0,1,2,1,2,25.6,27.9,21.9,22.6,44.9,47.3,32.5,34.2
2008/08/10,Intel,"Core 2 Duo",E8600,3330,64,65,0.045,410,107,0.85,1.3625,32,32,6144,yes,0,1,2,1,2,27,28.7,24.5,25.4,47.1,49.1,36.9,38
2008/06/13,Intel,"Core 2 Duo",P8400,2230,64,25,0.045,410,107,1,1.25,32,32,3072,yes,0,1,2,1,2,17.1,18.5,16.1,16.7,28.3,30.2,23.2,23.9
2008/03/10,Intel,"Core 2 Duo",Q9300,2500,64,95,0.045,456,164,0.85,1.3625,32,32,3072,yes,0,1,4,1,4,17.5,19.3,16.9,17.5,50.6,53.6,38.8,40
2008/03/25,Intel,"Core 2 Duo",Q9450,2670,64,95,0.045,456,164,0.85,1.3625,32,32,6144,yes,0,1,4,1,4,19.7,22.4,18.6,19.2,58.4,65.2,41.1,42.7
2008/03/25,Intel,"Core 2 Duo",Q9550,2830,64,95,0.045,456,164,0.85,1.3625,32,32,6144,yes,0,1,4,1,4,20.6,23.5,19.4,20,61,68,42.6,44.5
2008/09/01,Intel,"Core 2 Duo",SU9400,1400,64,10,0.045,410,107,1.05,1.15,32,32,3072,yes,0,1,2,1,2,NA,NA,NA,NA,21.5,NA,17.4,NA
2008/05/09,Intel,"Core 2 Duo",T7100,1800,64,35,0.065,291,143,0.9,1.175,32,32,2048,yes,0,1,2,1,2,12.1,NA,11.2,NA,19.3,NA,17.6,NA
2006/08/28,Intel,"Core 2 Duo",T7400,2160,64,34,0.065,291,143,1.0375,1.3,32,32,4096,yes,0,1,2,1,2,14,16.2,12.5,13.2,22,25.2,18.9,18.3
2006/08/28,Intel,"Core 2 Duo",T7600,2330,64,34,0.065,291,143,1.0375,1.3,32,32,4096,yes,0,1,2,1,2,14.4,16.2,13,13.5,23.9,26.8,19.9,20.4
2007/05/09,Intel,"Core 2 Duo",T7700,2400,64,35,0.065,291,143,1.0375,1.3,32,32,4096,yes,0,1,2,1,2,16.6,17.6,15.4,15.6,27,28.2,22.4,22.6
2007/09/02,Intel,"Core 2 Duo",T7800,2600,64,35,0.065,291,143,1.0375,1.3,32,32,4096,yes,0,1,2,1,2,17.5,19.2,15.7,16.2,26.8,28.8,21.4,21.7
2008/07/14,Intel,"Core 2 Duo",T9400,2530,64,35,0.045,410,107,1.05,1.162,32,32,6144,yes,0,1,2,1,2,19.7,22,18,18.7,34.6,37,25.7,26.7
2008/01/06,Intel,"Core 2 Duo",T9500,2600,64,35,0.045,410,107,1.062,1.15,32,32,6144,yes,0,1,2,1,2,18.8,20.7,17.4,18.4,31.5,33.2,25,26.3
2009/04/28,Intel,"Core 2 Duo",T9900,3060,64,35,0.045,410,107,1.05,1.2125,32,32,6144,yes,0,1,2,1,2,23.7,26.1,20.5,21.2,39.9,42.6,29.7,31.2
2007/07/16,Intel,"Core 2 Extreme",X7800,2600,64,44,0.065,291,143,1.0375,1.3,32,32,4096,yes,0,1,2,1,2,16.4,18.3,14.7,15.2,26.8,30,22.4,23
2007/07/16,Intel,"Core 2 Extreme",QX6850,3000,64,130,0.065,582,286,1.1,1.372,32,32,4096,yes,0,1,4,1,4,21.6,23.6,20.4,21.2,64.9,69.1,48.1,49.4
2008/08/19,Intel,"Core 2 Extreme",QX9300,2530,64,45,0.045,820,214,1.05,1.175,32,32,6144,yes,0,1,4,1,4,20.1,23.3,19.8,21,58.3,63.8,43.2,45.5
2007/11/11,Intel,"Core 2 Extreme",QX9650,3000,64,130,0.045,820,214,0.85,1.3625,32,32,6144,yes,0,1,4,1,4,22.3,25.5,21.4,22.3,69,76.7,49.9,52
2008/03/24,Intel,"Core 2 Extreme",QX9770,3200,64,136,0.045,820,214,0.85,1.3625,32,32,6144,yes,0,1,4,1,4,27.3,29.7,25.4,26.5,83.1,88.5,55.1,56.6
2006/07/27,Intel,"Core 2 Extreme",X6800,2930,64,75,0.065,291,143,0.85,1.5,32,32,4096,yes,0,1,2,1,2,18.5,20.2,17.3,17.7,49.7,52.9,36.3,37.1
2007/08/22,Intel,"Core 2 Extreme",X7900,2800,64,44,0.065,291,143,1.0375,1.3,32,32,4096,yes,0,1,2,1,2,19.3,21,17.8,18.7,33.1,35,26,27.4
2008/01/07,Intel,"Core 2 Extreme",X9000,2800,64,44,0.045,410,107,1.062,1.15,32,32,6144,yes,0,1,2,1,2,19,20.7,16.8,17.4,32.2,34.5,24.6,26
2007/01/07,Intel,"Core 2 Quad",Q6600,2400,64,105,0.065,582,286,1.1,1.372,32,32,4096,yes,0,1,4,1,4,16.5,18.5,15.4,16,NA,NA,NA,NA
2007/04/20,Intel,"Core 2 Quad",Q6700,2670,64,105,0.065,582,286,1.1,1.372,32,32,4096,yes,0,1,4,1,4,18.6,20.8,17.8,19.1,53.9,58.2,39.1,40.8
2008/08/31,Intel,"Core 2 Quad",Q8200,2330,64,95,0.045,456,164,0.85,1.3625,32,32,4096,yes,0,1,4,1,4,18.3,20,17.7,18.3,54,55.6,38.2,39.2
2008/11/30,Intel,"Core 2 Quad",Q8300,2500,64,95,0.045,456,164,0.85,1.3625,32,32,2048,yes,0,1,4,1,4,19.4,21.2,18.6,19.2,56.3,58.3,39.9,40.7
2009/04/19,Intel,"Core 2 Quad",Q8400,2670,64,95,0.045,456,164,0.85,1.3625,32,32,2048,yes,0,1,4,1,4,20,22,19.3,19.9,57.9,59.4,40.7,41.1
2008/08/10,Intel,"Core 2 Quad",Q9400,2670,64,95,0.045,456,164,0.85,1.3625,32,32,3072,yes,0,1,4,1,4,20.9,22.9,19.5,20.1,60.9,63.6,41.3,42
2008/03/25,Intel,"Core 2 Quad",Q9450,2670,64,95,0.045,820,214,0.85,1.3625,32,32,6144,yes,0,1,4,1,4,23.2,25.5,21.7,22.4,73.5,78.1,50,52
2008/03/25,Intel,"Core 2 Quad",Q9550,2830,64,95,0.045,820,214,0.85,1.3625,32,32,6144,yes,0,1,4,1,4,24.4,26.8,22.6,23.3,76.6,81.4,51.5,53.5
2008/08/10,Intel,"Core 2 Quad",Q9650,3000,64,95,0.045,820,214,0.85,1.3625,32,32,6144,yes,0,1,4,1,4,25.6,28.1,23.5,24.3,79.6,84.7,52.8,55
2007/04/09,Intel,"Core 2 Quad",QX6800,2930,64,130,0.065,582,286,1.1,1.372,32,32,4096,yes,0,1,4,1,4,20.2,22.1,18.3,18.8,56.2,59.8,39.2,40.2
2009/04/01,Intel,"Core 2 Solo",SU3500,1400,64,5.5,0.045,410,107,1.05,1.15,32,32,3072,,0,1,1,1,1,NA,NA,NA,NA,11.7,NA,10.3,NA
2006/01/05,Intel,"Core Duo",T2400,1830,32,31,0.065,151,90,0.762,1.3,32,32,2048,yes,0,1,2,1,2,9.9,NA,8.48,NA,16.7,NA,14.2,NA
2006/01/05,Intel,"Core Duo",T2600,2160,32,31,0.065,151,90,0.762,1.3,32,32,2048,yes,0,1,2,1,2,11.7,12.7,9.91,10.1,19.1,20.8,15.9,16.2
2006/06/28,Intel,"Core Duo",T2700,2330,32,31,0.065,151,90,0.762,1.3,32,32,2048,yes,0,1,2,1,2,12,13.1,10.5,10.9,19.7,20.8,16.4,16.6
2010/01/07,Intel,"Core i3",530,2930,64,73,0.032,382,81,0.65,1.4,32,32,256,no,4096,2,2,1,2,25.5,27.8,28.6,30,56.9,61.3,49.3,50.8
2010/01/07,Intel,"Core i3",540,3060,64,73,0.032,382,81,0.65,1.4,32,32,256,no,4096,2,2,1,2,26.4,28.8,29.6,31,58.7,63.2,50.4,52.2
2010/05/30,Intel,"Core i3",550,3200,64,73,0.032,382,81,0.65,1.4,32,32,256,no,4096,1,2,1,2,28.1,30.7,30.8,32.2,61.3,64.7,51.5,53.5
2010/08/29,Intel,"Core i3",560,3330,64,73,0.032,382,81,0.65,1.4,32,32,256,no,4096,1,2,1,2,28.9,31.6,31.6,33,63.1,66.7,52.6,54.5
2010/01/07,Intel,"Core i5",650,3200,64,73,0.032,382,81,0.65,1.4,32,32,256,no,4096,1,2,1,2,28.9,31.7,32,33.7,63.3,67.9,53,54.5
2010/01/07,Intel,"Core i5",660,3330,64,73,0.032,382,81,0.65,1.4,32,32,256,no,4096,1,2,1,2,29.7,32.6,32.8,34.6,65,69.8,54,55.5
2010/01/07,Intel,"Core i5",661,3330,64,87,0.032,382,81,0.65,1.4,32,32,256,no,4096,2,2,1,2,28.5,30,29.9,31.5,60.1,62.6,50.7,51.9
2010/01/07,Intel,"Core i5",670,3460,64,73,0.032,382,81,0.65,1.4,32,32,256,no,4096,1,2,1,2,30.5,33.5,33.5,35.3,66.6,71.4,55.1,56.7
2010/04/18,Intel,"Core i5",680,3600,64,73,0.032,382,81,0.65,1.4,32,32,256,no,4096,1,2,1,2,32.2,35.4,34.8,36.5,69.4,74.1,56.5,57.9
2009/09/08,Intel,"Core i5",750,2670,64,95,0.045,774,296,0.65,1.4,32,32,256,no,8192,1,4,1,4,30.5,33.6,34.8,37.1,92.4,99.2,77.1,79.5
2010/01/07,Intel,"Core i5",520E,2400,64,35,0.032,381,81,0.775,1.4,32,32,256,no,3072,2,2,1,2,20,21.8,22.7,23.8,46.3,50.1,40,41.6
2009/09/08,Intel,"Core i7",860,2800,64,95,0.045,774,296,0.65,1.4,32,32,256,no,8192,1,4,1,4,32.3,35.7,36.3,38.9,113,121,85.2,87.7
2009/09/08,Intel,"Core i7",870,2930,64,95,0.045,774,296,0.65,1.4,32,32,256,no,8192,1,4,1,4,33.6,36.8,37.9,40,119,127,87.1,90.1
2008/11/17,Intel,"Core i7",920,2670,64,130,0.045,731,263,0.8,1.375,32,32,256,no,8192,2,4,1,4,28.2,29.5,30.8,32.1,104,109,79.6,81.6
2008/11/17,Intel,"Core i7",940,2930,64,130,0.045,731,263,0.8,1.375,32,32,256,no,8192,2,4,1,4,27.8,30.8,29.5,31.3,108,116,79.2,82.3
2009/05/31,Intel,"Core i7",950,3060,64,130,0.045,731,263,0.8,1.375,32,32,256,no,8192,2,4,1,4,29.1,32.1,30.6,32.4,112,120,81.3,84.4
2008/11/17,Intel,"Core i7",965,3200,64,130,0.045,731,263,0.8,1.375,32,32,256,no,8192,2,4,1,4,32.5,36,33.6,35.7,122,130,84.7,88.3
2009/05/31,Intel,"Core i7",975,3330,64,130,0.045,731,263,0.8,1.375,32,32,256,no,8192,2,4,1,4,31.6,34.9,32.9,34.8,121,128,85.2,88.5
2010/01/07,Intel,"Core i7",610E,2530,64,35,0.032,382,81,0.775,1.4,32,32,256,no,4096,2,2,1,2,21.6,23.5,24.1,25.2,49.2,53,41.8,43.4
2008/10/01,Intel,"Core i7",965X,3200,64,130,0.045,731,263,0.8,1.375,32,32,256,no,8192,2,4,1,4,32.1,35.6,38.5,39.7,126,135,99.1,102
2010/03/16,Intel,"Core i7",980X,3330,64,130,0.032,1170,248,0.8,1.375,32,32,256,no,12288,2,6,1,6,35.5,37.2,38.4,40.2,164,173,112,115
2007/10/01,Intel,"Itanium 2",9120N,1400,64,104,0.09,1720,596,,,16,16,256,no,12288,1,2,1,2,12.2,13.2,15.2,15.9,NA,NA,NA,NA
2007/10/01,Intel,"Itanium 2",9150N,1600,64,104,0.09,1720,596,,,16,16,256,no,24576,1,2,1,2,14.5,15.7,17.3,18.1,NA,NA,NA,NA
2007/10/01,Intel,"Itanium 2",9152M,1660,64,104,0.09,1720,596,,,16,16,256,no,18432,1,2,1,2,15.7,17,19.9,20.4,NA,NA,NA,NA
2007/06/03,Intel,Pentium,E2140,1600,64,65,0.065,105,77,1.162,1.312,32,32,1024,yes,0,1,2,1,2,NA,NA,NA,NA,18.3,20.7,18,18.8
2007/06/03,Intel,Pentium,E2160,1800,64,65,0.065,105,77,1.162,1.312,32,32,1024,yes,0,1,2,1,2,NA,NA,NA,NA,20.1,22.5,19.8,20.6
2007/12/02,Intel,Pentium,E2200,2200,64,65,0.065,105,77,0.85,1.5,32,32,1024,yes,0,1,2,1,2,NA,NA,NA,NA,22.5,25.1,21.7,22.7
2008/08/31,Intel,Pentium,E5200,2500,64,65,0.045,228,82,0.85,1.3625,32,32,2048,yes,0,1,2,1,2,18.2,19.8,16.8,17.3,31.5,33.4,26,26.9
2008/11/01,Intel,Pentium,E5300,2600,64,65,0.045,228,82,0.85,1.3625,32,32,2048,yes,0,1,2,1,2,18.6,20.5,18.5,19.2,32.4,33.7,26.5,26.5
2010/01/01,Intel,Pentium,G6950,2800,64,73,0.032,382,81,0.65,1.4,32,32,256,no,3072,1,2,1,2,22.5,24.5,25.7,26.8,39.3,43,39.7,41.2
2009/05/23,Intel,Pentium,SU2700,1300,64,10,0.045,410,107,1.05,1.15,32,32,2048,,0,1,1,1,1,NA,NA,NA,NA,10.1,NA,9.6,NA
2005/05/26,Intel,"Pentium 4",670,3800,64,115,0.09,169,135,1.2,1.4,12,16,2048,,0,1,1,1,1,11.6,12.3,12.2,12.1,NA,NA,NA,NA
2005/12/01,Intel,"Pentium D",805,2660,64,95,0.09,230,206,1.2,1.4,12,16,1024,no,0,1,2,1,2,8.08,NA,NA,NA,14.2,NA,NA,NA
2006/01/16,Intel,"Pentium D",920,2800,64,95,0.065,376,162,1.2,1.3375,12,16,2048,no,0,1,2,1,2,9.31,NA,10.2,NA,17.1,NA,17.6,NA
2006/10/01,Intel,"Pentium D",925,3000,64,95,0.065,376,162,1.2,1.3375,12,16,2048,no,0,1,2,1,2,NA,NA,NA,NA,18.7,19.5,18.4,18.9
2006/01/16,Intel,"Pentium D",930,3000,64,95,0.065,376,162,1.2,1.3375,12,16,2048,no,0,1,2,1,2,9.85,NA,10.7,NA,18,NA,18.3,NA
2006/01/16,Intel,"Pentium D",940,3200,64,95,0.065,376,162,1.2,1.3375,12,16,2048,no,0,1,2,1,2,10.4,NA,11.2,NA,18.9,19.5,19,18
2006/07/23,Intel,"Pentium D",945,3400,64,95,0.065,376,162,1.2,1.3375,12,16,2048,no,0,1,2,1,2,NA,NA,NA,NA,20.6,21.4,19.8,20.4
2006/01/16,Intel,"Pentium D",950,3400,64,95,0.065,376,162,1.2,1.3375,12,16,2048,no,0,1,2,1,2,10.9,NA,11.7,NA,19.8,NA,19.7,NA
2006/05/02,Intel,"Pentium D",960,3600,64,95,0.065,376,162,1.2,1.3375,12,16,2048,no,0,1,2,1,2,11.4,NA,12.2,NA,20.6,NA,20.4,NA
2006/03/22,Intel,"Pentium Extreme Edition",965,3730,64,130,0.065,376,162,1.2,1.3375,12,16,2048,no,0,2,2,1,2,11.7,NA,12.7,NA,23.1,NA,21.7,NA
2005/01/19,Intel,"Pentium M",750,1860,64,27,0.09,144,87,1.26,1.356,16,16,2048,,0,1,1,1,1,9.12,NA,7.07,NA,NA,NA,NA,NA
2005/07/01,Intel,"Pentium M",780,2260,64,27,0.09,144,87,1.26,1.404,16,16,2048,,0,1,1,1,1,10.7,11.4,8.22,8.35,10.7,11.4,8.22,8.35
2007/01/01,Intel,Xeon,3040,1860,64,65,0.065,167,111,1.225,1.325,32,32,2048,yes,0,1,2,1,2,13.1,14.3,12.3,12.5,22.1,24,19.9,20.4
2007/01/01,Intel,Xeon,3050,2130,64,65,0.065,167,111,1.225,1.325,32,32,2048,yes,0,1,2,1,2,NA,NA,NA,NA,23.4,24.5,21.1,21.8
2007/10/07,Intel,Xeon,3060,2400,64,65,0.065,291,143,0.85,1.3625,32,32,4096,yes,0,1,2,1,2,16.7,18.2,15.1,15.4,28,30.6,23.7,24.4
2007/10/07,Intel,Xeon,3065,2330,64,65,0.065,291,143,0.85,1.3625,32,32,4096,yes,0,1,2,1,2,17.2,19.9,17.3,18.4,29.4,33.8,26.5,28.2
2007/10/07,Intel,Xeon,3070,2660,64,65,0.065,291,143,0.85,1.3625,32,32,4096,yes,0,1,2,1,2,NA,NA,NA,NA,30.2,34.5,25.7,27
2007/10/07,Intel,Xeon,3075,2660,64,65,0.065,291,143,0.85,1.3625,32,32,4096,yes,0,1,2,1,2,NA,NA,NA,NA,32,37,28.4,30
2007/10/07,Intel,Xeon,3085,3000,64,65,0.065,291,143,0.85,1.3625,32,32,4096,yes,0,1,2,1,2,NA,NA,NA,NA,34.9,40.3,30.5,32.2
2006/06/26,Intel,Xeon,5110,1600,64,65,0.065,291,143,1,1.5,32,32,4096,yes,0,1,2,1,2,11.2,12.4,9.69,9.88,20,23.2,17,18.4
2006/06/26,Intel,Xeon,5120,1860,64,65,0.065,291,143,1,1.5,32,32,4096,yes,0,1,2,1,2,11.3,11.7,10.7,10.9,22.1,25.5,18.5,19.9
2006/06/26,Intel,Xeon,5130,2000,64,65,0.065,291,143,1,1.5,32,32,4096,yes,0,1,2,1,2,12.4,12.9,11.9,12.2,24.4,27.7,20.8,22.6
2006/06/26,Intel,Xeon,5140,2330,64,65,0.065,291,143,1,1.5,32,32,4096,yes,0,1,2,1,2,15,15.9,14.2,14.5,27,30.8,22.5,24.5
2006/06/26,Intel,Xeon,5150,2660,64,65,0.065,291,143,1,1.5,32,32,4096,yes,0,1,2,1,2,16.6,17.6,15.5,15.9,29.5,33.6,24.1,26.3
2006/06/26,Intel,Xeon,5160,3000,64,80,0.065,291,143,1,1.5,32,32,4096,yes,0,1,2,1,2,24.6,27,22.7,23.4,73.2,78.2,48.2,49.3
2006/08/27,Intel,Xeon,7110M,2600,64,95,0.065,,,1.1,1.35,16,16,1024,no,4096,1,2,1,2,8.46,9.05,9.99,10.3,17.4,18.7,16.4,16.7
2006/08/27,Intel,Xeon,7120M,3000,64,95,0.065,,,1.1,1.35,16,16,1024,no,4096,1,2,1,2,9.57,10.2,11,11.3,19.3,20.8,17.9,18.3
2006/08/27,Intel,Xeon,7130M,3200,64,150,0.065,,,1.1,1.35,16,16,1024,no,8192,1,2,1,2,10.7,11.4,12.3,12.7,21.9,23.6,19.5,20
2006/08/27,Intel,Xeon,7140M,3400,64,150,0.065,,,1.1,1.35,16,16,1024,no,16384,1,2,1,2,12,12.8,13.3,13.7,24.1,26.1,22,22.5
2008/01/01,Intel,Xeon,E3110,3000,64,65,0.045,410,107,0.85,1.3625,32,32,6144,yes,0,1,2,1,2,24.7,27.6,23.3,24.2,44.3,47.1,34.1,35.4
,Intel,Xeon,E3113,3000,64,65,0.045,,,0.95,1.21,32,32,6144,yes,0,1,2,1,2,23.9,26.6,21.5,22.4,42.5,45.6,28.5,30.5
2008/07/01,Intel,Xeon,E3120,3160,64,65,0.045,410,107,,1.3625,32,32,6144,yes,0,1,2,1,2,22.6,26.3,22.6,24,45.3,48.8,34.3,36.3
2007/11/11,Intel,Xeon,E5205,1860,64,65,0.045,410,107,0.95,1.212,32,32,6144,yes,0,1,2,1,2,NA,NA,NA,NA,27.6,29.3,21.1,22.1
2006/11/01,Intel,Xeon,E5310,1600,64,80,0.065,582,286,1,1.5,32,32,4096,yes,0,1,4,1,4,10.1,10.5,9.89,10.1,37.3,41.6,26.5,28.4
2006/11/01,Intel,Xeon,E5320,1860,64,80,0.065,582,286,1,1.5,32,32,4096,yes,0,1,4,1,4,11.4,12,10.9,11.1,40.2,43.7,28.4,30.5
2006/12/01,Intel,Xeon,E5335,2000,64,80,0.065,582,286,1,1.5,32,32,4096,yes,0,1,4,1,4,12.5,13,11.9,12.1,43.4,47,30.4,32.3
2006/11/01,Intel,Xeon,E5345,2330,64,80,0.065,582,286,1,1.5,32,32,4096,yes,0,1,4,1,4,13.9,14.5,11.8,12.1,48,52.1,32.9,34.3
2007/11/11,Intel,Xeon,E5405,2000,64,80,0.045,820,214,0.85,1.35,32,32,6144,yes,0,1,4,1,4,NA,NA,NA,NA,52.6,57.7,35.2,38.4
2007/11/11,Intel,Xeon,E5410,2330,64,80,0.045,820,214,0.85,1.35,32,32,6144,yes,0,1,4,1,4,NA,NA,NA,NA,58.2,63.1,36.9,38.5
2007/11/11,Intel,Xeon,E5420,2500,64,80,0.045,820,214,0.85,1.35,32,32,6144,yes,0,1,4,1,4,NA,NA,NA,NA,60.8,66.2,37.9,41.5
2007/11/11,Intel,Xeon,E5430,2660,64,80,0.045,820,214,0.85,1.35,32,32,6144,yes,0,1,4,1,4,NA,NA,NA,NA,58.3,68.9,38.6,43.1
2007/11/11,Intel,Xeon,E5440,2830,64,80,0.045,820,214,0.85,1.35,32,32,6144,yes,0,1,4,1,4,NA,NA,NA,NA,60.4,70.7,39.5,44.3
2007/11/11,Intel,Xeon,E5450,3000,64,120,0.045,820,214,0.85,1.35,32,32,6144,yes,0,1,4,1,4,NA,NA,NA,NA,66.7,71.4,41.9,44.3
2007/11/11,Intel,Xeon,E5472,3000,64,80,0.045,820,214,0.85,1.35,32,32,6144,yes,0,1,4,1,4,NA,NA,NA,NA,60.1,70.4,39.7,44.6
2009/03/30,Intel,Xeon,E5502,1860,64,80,0.045,,263,0.75,1.35,32,32,256,no,4096,1,2,1,2,17,NA,18.9,NA,33.7,36.2,35.1,36.4
2009/03/30,Intel,Xeon,E5503,2000,64,80,0.045,,263,0.75,1.35,32,32,256,no,4096,1,2,1,2,NA,NA,NA,NA,37.1,40.2,37.7,38.9
2009/03/30,Intel,Xeon,E5504,2000,64,80,0.045,,263,0.75,1.35,32,32,256,no,4096,1,4,1,4,NA,NA,NA,NA,65.2,69.8,58.8,60.6
2009/03/30,Intel,Xeon,E5506,2130,64,80,0.045,,263,0.75,1.35,32,32,256,no,4096,1,4,1,4,NA,NA,NA,NA,71.2,76.2,60.9,62.8
2010/01/01,Intel,Xeon,E5507,2260,64,80,0.045,,263,0.75,1.35,32,32,256,no,4096,1,4,1,4,NA,NA,NA,NA,74.2,79.2,62.7,64.6
2009/03/30,Intel,Xeon,E5520,2260,64,80,0.045,,263,0.75,1.35,32,32,256,no,8192,2,4,1,4,NA,NA,NA,NA,98.1,104,81.8,83.9
2009/03/30,Intel,Xeon,E5530,2400,64,80,0.045,,263,0.75,1.35,32,32,256,no,8192,2,4,1,4,NA,NA,NA,NA,100,107,82.6,85.5
2009/03/30,Intel,Xeon,E5540,2530,64,80,0.045,,263,0.75,1.35,32,32,256,no,8192,2,4,1,4,NA,NA,NA,NA,104,111,84.8,87.6
2010/03/16,Intel,Xeon,E5620,2400,64,80,0.032,,,0.8,1.3,32,32,256,no,12288,2,4,1,4,NA,NA,NA,NA,108,114,84.7,87.9
2010/03/16,Intel,Xeon,E5630,2530,64,80,0.032,,,0.8,1.3,32,32,256,no,12288,2,4,1,4,NA,NA,NA,NA,112,119,87,90.2
2010/03/16,Intel,Xeon,E5640,2670,64,80,0.032,,,0.8,1.3,32,32,256,no,12288,2,4,1,4,NA,NA,NA,NA,116,123,89.1,92.6
2009/01/01,Intel,Xeon,L3110,3000,64,65,0.045,820,214,0.85,1.3625,32,32,6144,yes,0,1,2,1,2,24.4,27.4,23.1,23.9,43.7,47,33.4,34.7
2009/02/01,Intel,Xeon,L3360,2830,64,65,0.045,820,214,0.8625,1.212,32,32,6144,yes,0,1,4,1,4,23.9,26.9,23.5,24.3,76.1,81.5,49.4,51.2
2010/03/15,Intel,Xeon,L3406,2260,64,30,0.032,382,81,0.65,1.4,32,32,256,no,4096,1,2,1,2,21.8,24,24.1,25.6,45.7,48.7,39.8,41.3
2009/09/08,Intel,Xeon,L3426,1860,64,45,0.045,774,296,0.65,1.4,32,32,256,no,8192,2,4,1,4,29.4,33.1,32.3,35.5,90.3,96.2,72.9,75.2
,Intel,Xeon,L5215,1860,64,20,0.045,410,107,0.85,1.35,32,32,6144,yes,0,1,2,1,2,NA,NA,NA,NA,27.9,29.9,22,22.8
2008/03/01,Intel,Xeon,L5240,3000,64,40,0.045,410,107,0.85,1.35,32,32,6144,yes,0,1,2,1,2,NA,NA,NA,NA,35.1,40.1,27.9,31.1
2007/03/12,Intel,Xeon,L5320,1860,64,50,0.065,582,286,1.1,1.325,32,32,4096,yes,0,1,4,1,1,11,11.5,9.64,9.83,NA,NA,NA,NA
2008/03/25,Intel,Xeon,L5410,2330,64,50,0.045,820,214,0.85,1.35,32,32,6144,yes,0,1,4,1,4,NA,NA,NA,NA,52.6,62.4,36,40.4
2008/03/25,Intel,Xeon,L5420,2500,64,50,0.045,820,214,0.85,1.35,32,32,6144,yes,0,1,4,1,4,NA,NA,NA,NA,52.8,62.6,36.4,39.3
2009/03/30,Intel,Xeon,L5520,2260,64,60,0.045,731,263,0.75,1.35,32,32,256,no,8192,2,4,1,4,NA,NA,NA,NA,100,107,81.3,83.8
2010/03/16,Intel,Xeon,L5609,1860,64,40,0.032,,,0.8,1.3,32,32,256,no,12288,1,4,1,4,NA,NA,NA,NA,70,75.7,63.2,65.4
2010/03/16,Intel,Xeon,L5630,2130,64,40,0.032,,,0.8,1.3,32,32,256,no,12288,2,4,1,4,NA,NA,NA,NA,94.7,101,74.6,77.6
2010/03/16,Intel,Xeon,L5640,2260,64,60,0.032,,,0.8,1.3,32,32,256,no,12288,2,6,1,6,NA,NA,NA,NA,144,154,107,110
2009/03/30,Intel,Xeon,W3503,2400,64,130,0.045,,,0.8,1.225,32,32,256,no,4096,1,2,1,2,22.6,25.1,27.2,28,42.9,45.9,44.4,45.7
2009/03/30,Intel,Xeon,W3505,2530,64,130,0.045,,,0.8,1.225,32,32,256,no,4096,1,2,1,2,23.7,26.2,28.3,29.1,44.9,48,45.9,47.4
2009/03/30,Intel,Xeon,W3520,2670,64,130,0.045,731,263,0.8,1.375,32,32,256,no,8192,2,4,1,4,27.4,30.7,32.5,33.8,94.1,101,74.4,77.8
2009/03/30,Intel,Xeon,W3540,2930,64,130,0.045,731,263,0.8,1.375,32,32,256,no,8192,2,4,1,4,29.7,33,35.1,36.3,112,120,84.3,87.9
2009/08/09,Intel,Xeon,W3550,3060,64,130,0.045,731,263,0.8,1.375,32,32,256,no,8192,2,4,1,4,30.8,34.2,36.2,37.3,115,123,86.5,90.1
2009/11/01,Intel,Xeon,W3565,3200,64,130,0.045,731,263,0.8,1.375,32,32,256,no,8192,2,4,1,4,31.9,35.4,37.2,38.4,118,123,88.1,91.8
2009/03/30,Intel,Xeon,W3570,3200,64,130,0.045,731,263,0.8,1.375,32,32,256,no,8192,2,4,1,4,32.5,36.8,41.3,45.4,127,136,102,106
2009/03/30,Intel,Xeon,W3580,3330,64,130,0.045,731,263,0.8,1.375,32,32,256,no,8192,2,4,1,4,33.9,37.8,40.6,42,131,139,101,105
2010/03/16,Intel,Xeon,W3680,3330,64,130,0.032,,,0.8,1.3,32,32,256,no,12288,2,6,1,6,37.4,40.2,42.3,44.1,178,189,120,124
2009/03/30,Intel,Xeon,W5580,3200,64,130,0.045,731,263,0.75,1.35,32,32,256,no,8192,2,4,1,4,32.8,36.6,39.6,41,125,134,97.5,101
2009/08/09,Intel,Xeon,W5590,3330,64,130,0.045,731,263,0.75,1.35,32,32,256,no,8192,2,4,1,4,NA,NA,NA,NA,130,140,105,108
2007/01/07,Intel,Xeon,X3210,2130,64,105,0.065,582,286,1.1,1.372,32,32,4096,yes,0,1,4,1,4,14.9,16.6,14.1,14.6,48,54.6,37.4,39.6
2007/01/07,Intel,Xeon,X3220,2400,64,105,0.065,582,286,1.1,1.372,32,32,4096,yes,0,1,4,1,4,17.4,20.3,17.6,19,52.6,59.2,40.2,42.5
2007/07/27,Intel,Xeon,X3230,2660,64,95,0.065,582,286,1.1,1.372,32,32,4096,yes,0,1,4,1,4,NA,NA,NA,NA,53.6,61.3,39.7,42
2008/03/01,Intel,Xeon,X3320,2500,64,95,0.045,,,0.962,1.212,32,32,3072,yes,0,1,4,1,4,20.3,22.7,21,21.9,60.9,64.2,42,44.3
,Intel,Xeon,X3323,2500,64,80,0.045,,,,,32,32,3072,yes,0,1,4,1,4,19.6,21.9,19.6,20.4,59.9,63.5,36.7,39.1
2008/08/01,Intel,Xeon,X3330,2660,64,95,0.045,456,164,0.85,1.3625,32,32,3072,yes,0,1,4,1,4,21,23.5,22,22.8,65.1,69.3,45.4,46.1
2008/03/01,Intel,Xeon,X3350,2660,64,95,0.045,820,214,0.95,1.212,32,32,6144,yes,0,1,4,1,4,22.6,25.4,22.4,23.2,72.4,77.4,47.6,49.4
,Intel,Xeon,X3353,2660,64,80,0.045,,,,,32,32,6144,yes,0,1,4,1,4,22.3,25.1,21.5,22.3,69.6,75.3,44.5,47
2008/03/01,Intel,Xeon,X3360,2830,64,95,0.045,820,214,0.962,1.237,32,32,6144,yes,0,1,4,1,4,23.8,26.9,23.5,24.3,76,81.4,49.4,51.2
,Intel,Xeon,X3363,2830,64,80,0.045,,,,,32,32,6144,yes,0,1,4,1,4,23.5,26.3,22.2,23.1,72.5,78.5,46,48.5
2008/03/01,Intel,Xeon,X3370,3000,64,95,0.045,820,214,0.962,1.362,32,32,6144,yes,0,1,4,1,4,25.1,28.2,24.4,25.2,78.7,84.3,50.7,53.5
2009/02/01,Intel,Xeon,X3380,3160,64,95,0.045,820,214,0.85,1.362,32,32,6144,yes,0,1,4,1,4,26.5,29.7,25.5,26.3,81.6,87.4,51.9,54.9
2009/09/08,Intel,Xeon,X3430,2400,64,95,0.045,774,296,0.7,1.4,32,32,256,no,8192,1,4,1,4,27.9,30.1,31.9,33.8,86.3,93.2,73.5,75.9
2009/09/08,Intel,Xeon,X3440,2530,64,95,0.045,774,296,0.7,1.4,32,32,256,no,8192,2,4,1,4,28.9,31.2,32.9,34.9,106,112,80.8,83.6
2009/09/08,Intel,Xeon,X3450,2660,64,95,0.045,774,296,0.7,1.4,32,32,256,no,8192,2,4,1,4,30.8,33.6,34.8,37.1,109,116,82.6,85.5
2009/09/08,Intel,Xeon,X3460,2800,64,95,0.045,774,296,0.7,1.4,32,32,256,no,8192,2,4,1,4,32.8,35.8,36.7,39.1,114,121,85.2,87.8
2009/09/08,Intel,Xeon,X3470,2930,64,95,0.045,774,296,0.7,1.4,32,32,256,no,8192,2,4,1,4,33.8,36.9,38.1,40.2,120,128,88.5,91.4
2009/09/08,Intel,Xeon,X3480,3060,64,95,0.045,774,296,0.65,1.4,32,32,256,no,8192,1,4,1,4,34.8,37.6,38.8,41,123,131,89.4,92.8
2007/10/01,Intel,Xeon,X5260,3330,64,80,0.045,410,107,0.85,1.35,32,32,6144,yes,0,1,2,1,2,NA,NA,19.6,22.9,37.2,43.4,29.3,32.7
2008/09/01,Intel,Xeon,X5270,3500,64,80,0.045,410,107,0.85,1.35,32,32,6144,yes,0,1,2,1,2,NA,NA,NA,NA,45.2,48.3,33.2,34.7
2007/11/11,Intel,Xeon,X5272,3400,64,80,0.045,410,107,0.85,1.35,32,32,6144,yes,0,1,2,1,2,NA,NA,NA,NA,39.3,45.2,31.6,34.8
2006/11/01,Intel,Xeon,X5355,2660,64,120,0.065,582,286,1,1.5,32,32,4096,yes,0,1,4,1,4,15.7,16.4,14.3,14.5,52,56.3,36.2,37.5
2007/04/01,Intel,Xeon,X5365,3000,64,150,0.065,582,286,1,1.5,32,32,4096,yes,0,1,4,1,4,18.1,20,16.5,16.9,55.1,62.6,36.4,38.8
2007/11/11,Intel,Xeon,X5450,3000,64,120,0.045,820,214,0.85,1.35,32,32,6144,yes,0,1,4,1,4,NA,NA,NA,NA,62.5,74.1,40.3,43.2
2007/11/11,Intel,Xeon,X5460,3160,64,120,0.045,820,214,0.85,1.35,32,32,6144,yes,0,1,4,1,4,25.5,28.7,23.5,24.5,79.2,84.9,48,50.5
2008/09/08,Intel,Xeon,X5470,3330,64,120,0.045,820,214,0.85,1.35,32,32,6144,yes,0,1,4,1,4,26.2,29.5,23.9,24.9,81.6,87.3,49.3,51.9
2007/11/11,Intel,Xeon,X5472,3000,64,120,0.045,820,214,0.85,1.35,32,32,6144,yes,0,1,4,1,4,NA,NA,NA,NA,59,69,39,44
2007/11/11,Intel,Xeon,X5482,3200,64,150,0.045,820,214,0.85,1.35,32,32,6144,yes,0,1,4,1,4,NA,NA,NA,NA,73.2,79.3,44,47.4
2009/03/30,Intel,Xeon,X5550,2670,64,95,0.045,731,263,0.75,1.35,32,32,256,no,8192,2,4,1,4,NA,NA,NA,NA,115,124,95.9,99.1
2009/03/30,Intel,Xeon,X5560,2800,64,95,0.045,731,263,0.75,1.35,32,32,256,no,8192,2,4,1,4,NA,NA,NA,NA,119,127,99.2,102
2009/03/30,Intel,Xeon,X5570,2930,64,95,0.045,731,263,0.75,1.35,32,32,256,no,8192,1,4,1,4,31,33.7,36.5,37.8,123,131,101,104
2010/03/16,Intel,Xeon,X5650,2670,64,95,0.032,,,0.8,1.3,32,32,256,no,12288,2,6,1,6,NA,NA,NA,NA,165,176,119,124
2010/03/16,Intel,Xeon,X5660,2800,64,95,0.032,,,0.8,1.3,32,32,256,no,12288,2,6,1,6,NA,NA,NA,NA,170,181,122,126
2010/03/16,Intel,Xeon,X5667,3060,64,95,0.032,,,0.8,1.3,32,32,256,no,12888,2,4,1,4,NA,NA,NA,NA,137,146,106,110
2010/03/16,Intel,Xeon,X5670,2930,64,95,0.032,,,0.8,1.3,32,32,256,no,12288,2,6,1,6,NA,NA,NA,NA,174,185,124,128
2010/03/16,Intel,Xeon,X5677,3460,64,130,0.032,,,0.8,1.3,32,32,256,no,12888,2,4,1,4,NA,NA,NA,NA,145,153,110,114
2010/03/16,Intel,Xeon,X5680,3330,64,130,0.032,,,0.8,1.3,32,32,256,no,12288,2,6,1,6,NA,NA,NA,NA,182,194,128,132
1971/11/15,Intel,4004,4004,0.108,4,0.5,10,0.0023,12,5,5,0,0,0,,0,1,1,1,1,7.4822939083199e-05,,0,,,,,
1972/04/01,Intel,8008,8008,0.2,8,1,10,0.0035,16,5,5,0,0,0,,0,1,1,1,1,7.4822939083199e-05,,0,,,,,
1974/04/01,Intel,8080,8080,2,8,0.8,6,0.006,20,5,5,0,0,0,,0,1,1,1,1,0.00079811135022079,,0,,,,,
1978/06/07,Intel,8086,8086,5,16,1.7,3,0.029,33,5,5,0,0,0,,0,1,1,1,1,0.000411526164957595,,0,,,,,
1978/07/07,Intel,8086,8086,8,16,1.8,3,0.029,33,5,5,0,0,0,,0,1,1,1,1,0.000823052329915189,,0,,,,,
1978/08/07,Intel,8086,8086,10,16,1.8,3,0.029,33,5,5,0,0,0,,0,1,1,1,1,0.000935286738539988,,0,,,,,
1979/06/01,Intel,"8088 (1979)",8088,8,8,1.8,3,0.029,33,5,5,0,0,0,,0,1,1,1,1,0.000935286738539988,,0,,,,,
1982/02/01,Intel,80286,,6,16,3.3,1.5,0.134,47,5,5,0,0,0,,0,1,1,1,1,0.00112234408624799,,0,,,,,
1982/03/01,Intel,80286,,10,,3.3,1.5,,47,5,5,0,0,0,,0,1,1,1,1,0.00187057347707998,,0,,,,,
1982/04/01,Intel,80286,,12,,3.3,1.5,,47,5,5,0,0,0,,0,1,1,1,1,0.00331715029935516,,0,,,,,
1985/10/17,Intel,80386,DX,16,32,1.7,1.5,0.275,103,5,5,0,0,0,,0,1,1,1,1,0.00685876941595991,,0,,,,,
1987/02/16,Intel,,,20,,1.3,1,,46,5,5,0,0,0,,0,1,1,1,1,0.00810581840067989,,0,,,,,
1988/04/04,Intel,,,25,,1.6,1,,46,5,5,0,0,0,,0,1,1,1,1,0.0105999163701199,,0,,,,,
1989/04/10,Intel,,,33,,2,1,,46,5,5,0,0,0,,0,1,1,1,1,0.0158120168301629,,0.00283520495039264,,,,,
1989/04/10,Intel,80486,DX,25,32,3,1,1.2,81,5,5,4,4,0,,0,1,1,1,1,0.0282597747602912,,0.00699350554430184,,,,,
1990/05/07,Intel,80486,,33,,3.5,1,,81,5,5,4,4,0,,0,1,1,1,1,0.0312876077703224,,0.00803308069277914,,,,,
1991/06/24,Intel,80486,,50,,4,0.8,,76,5,5,4,4,0,,0,1,1,1,1,0.056183123630579,,0.0137034905935644,,,,,
1992/08/10,Intel,80486,DX2,66,,5.8,0.8,,76,5,5,4,4,0,,0,1,1,1,1,0.0502956705555183,,0.0177672843557939,,,,,
1994/03/07,Intel,80486,DX4,100,,4.1,0.6,1.6,87,3.3,3.3,4,4,0,,0,1,1,1,1,0.0918274466764463,,0.0254317884050219,,,,,
1993/03/22,Intel,Pentium,,66,32,13,0.8,3.2,294,5,5,8,8,0,,0,1,1,1,1,0.13103788415635,,0.0601063449483239,,,,,
1994/07/03,Intel,Pentium,,100,,3.9,0.6,,148,3.3,3.3,8,8,0,,0,1,1,1,1,0.224776517225438,,0.11688657301442,,,,,
1995/03/27,Intel,Pentium,,120,,5.1,0.6,,91,3.3,3.3,8,8,0,,0,1,1,1,1,0.252022155677006,,0.125877847861683,,,,,
1995/06/12,Intel,Pentium,,133,,4.3,0.35,3.3,83,3.3,3.3,8,8,0,,0,1,1,1,1,0.272456384515683,,0.157347309827104,,,,,
1996/06/04,Intel,Pentium,,166,,5.4,0.35,,83,3.3,3.3,8,8,0,,0,1,1,1,1,0.326947661418819,,0.166338584674367,,,,,
1996/06/10,Intel,Pentium,,200,,6.5,0.35,,83,3.3,3.3,8,8,0,,0,1,1,1,1,0.388250347934848,,0.193312409216156,,,,,
1997/01/08,Intel,Pentium,MMX,200,,7.3,0.35,4.5,140,3.3,3.3,16,16,0,,0,1,1,1,1,0.435930215225092,,0.215790596334314,,,,,
1997/06/02,Intel,Pentium,,233,,7.9,0.35,,140,3.3,3.3,16,16,0,,0,1,1,1,1,0.483610082515336,,0.23377314602884,,,,,
1995/11/01,Intel,"Pentium Pro",,200,32,32,0.35,5.5,196,3.3,3.3,16,16,0,,0,1,1,1,1,0.59259263632161,,0.305703344806944,,,,,
1997/05/07,Intel,"Pentium II",Klamath,300,32,12,0.35,7.5,203,2.8,2.8,16,16,0,,0,1,1,1,1,0.817369153547048,,0.382129181008681,,,,,
1998/01/26,Intel,"Pentium II",Deschutes,333,,14,0.25,,118,2,2,16,16,0,,0,1,1,1,1,0.885483249675968,,0.413598642974101,,,,,
1998/08/24,Intel,"Pentium II",Mendocino,300,,12,0.25,1.9,154,2,2,16,16,128,,0,1,1,1,1,0.817369153547048,,0.413598642974101,,,,,
1999/02/26,Intel,"Pentium III",Katmai,500,32,19,0.25,9.5,128,2,2,16,16,0,,0,1,1,1,1,1.40996178986866,,0.660858701273836,,,,,
1999/10/25,Intel,"Pentium III",Coppermine,733,,16,0.18,28,106,1.65,1.65,16,16,256,,0,1,1,1,1,2.14566184529228,,1.44911695519017,,,,,
2000/03/08,Intel,"Pentium III",Cascade,1000,,22,0.18,,90,1.7,1.7,16,16,256,,0,1,1,1,1,2.83099264363937,,1.86484722922014,,,,,
2000/11/20,Intel,"Pentium 4",Willamette,1500,32,52,0.18,42,217,1.7,1.7,12,8,256,,0,1,1,1,1,3.43305895246765,,3.31396418441031,,,,,
2001/09/01,Intel,"Pentium 4",Willamette,2000,,57,0.18,,217,1.7,1.7,12,8,256,,0,1,1,1,1,4.20165424033354,,4.24044879510566,,,,,
2002/01/02,Intel,"Pentium 4",Norwood,2200,,55,0.13,55,145,1.5,1.5,12,8,512,,0,1,1,1,1,5.19442315382699,,4.75714213568576,,,,,
2002/05/02,Intel,"Pentium 4",Norwood,2533,,59,0.13,,131,1.5,1.5,12,8,512,,0,1,1,1,1,5.64917536581431,,5.11348237056859,,,,,
2002/11/02,Intel,"Pentium 4",Norwood,3000,,73,0.13,,131,1.5,1.5,12,8,512,,0,1,1,1,1,7.09029153056286,,6.47945327095276,,,,,
2001/05/29,Intel,Itanium,Merced,800,64,130,0.18,25,300,1.65,1.65,16,16,96,,0,1,1,1,1,2.36983547091983,,4.22263178336152,,,,,
2002/07/02,Intel,Itanium,McKinley,1000,,130,0.18,221,421,1.5,1.5,16,16,256,,3072,1,1,1,1,5.18801819309477,,6.99614661153287,,,,,
2004/11/04,Intel,Itanium,Madison,1600,,130,0.13,592,432,1.2,1.2,16,16,256,,9216,1,1,1,1,10.1838875642231,,16.1065786167038,,,,,
2008/04/08,Intel,Atom,"Z series (Silverthorne )",1600,32,2.4,0.045,47,26,1.1,1.1,32,24,512,,0,1,1,1,1,4.1824393581369,,3.45650027836344,,,,,
1992/10/01,DEC,Alpha,21064,200,64,35,0.68,1.7,234,3.3,3.3,8,8,0,,0,1,1,1,1,0.179146786426846,,0.189391690686228,,,,,
1994/06/01,DEC,Alpha,21064A,300,64,28,0.5,2.8,164,3.3,3.3,16,16,0,,0,1,1,1,1,0.338949084178493,,0.3463675381063,,,,,
1995/03/01,DEC,Alpha,21164,300,64,50,0.5,9.67,299,3.3,3.3,8,8,96,,0,1,1,1,1,0.578969817095825,,0.570945952801205,,,,,
1995/10/02,DEC,Alpha,21164,333,64,50,0.5,9.67,299,3.3,3.3,8,8,96,,0,1,1,1,1,0.667518142063422,,0.602415414766626,,,,,
1996/07/08,DEC,Alpha,21164A,500,64,43,0.35,9.67,209,2,2,8,8,96,,0,1,1,1,1,1.02171144193381,,0.917110034420833,,,,,
1997/03/31,DEC,Alpha,21164A,600,64,46,0.35,9.67,209,2,2,8,8,96,,0,1,1,1,1,1.25329936877214,,0.957570771233517,,,,,
1997/03/17,DEC,Alpha,21164PC,533,64,36,0.35,3.5,138,2.5,2.5,16,8,0,,0,1,1,1,1,0.974031574643565,,0.764258362017361,,,,,
1998/07/01,DEC,Alpha,21264,500,64,91,0.35,15.2,314,2.2,2.2,64,64,0,,0,1,1,1,1,1.9919427877191,,2.50625965200923,,,,,
1999/06/01,DEC,Alpha,21264A,667,64,73,0.25,15.2,225,2.1,2.1,64,64,0,,0,1,1,1,1,2.8438025651038,,3.42680525878987,,,,,
2001/02/13,DEC,Alpha,21264B,833,64,65,0.18,15.2,125,1.5,1.5,64,64,0,,0,1,1,1,1,3.6572325780952,,4.65617906913563,,,,,
2003/01/15,DEC,Alpha,"21364 (EV7)",1150,64,155,0.18,152,397,1.5,1.5,64,64,1536,,0,1,1,1,1,5.61715056215323,,8.80160380160586,,,,,
1990/06/01,Cypress,CY7C601,CY7C601,40,32,3,0.8,0.08,64,5,5,0,0,0,,0,1,1,1,1,0.0366704220103779,,0.021547557622984,,,,,
1991/06/01,Fuji,MicroSparc,,50,32,4,0.8,?,225,5,5,4,2,0,,0,1,1,1,1,0.0444082174804576,,0.0198464346527485,,,,,
1994/06/01,Fuji,MicroSparc2,,85,32,?,0.5,2.3,233,3.3,3.3,16,8,0,,0,1,1,1,1,0.109843053086132,,0.051600730097146,,,,,
1995/06/01,Fuji,MicroSparc2,,110,32,9,0.4,,233,3.3,3.3,16,8,0,,0,1,1,1,1,0.132888226551369,,0.0614294405918405,,,,,
1993/06/01,Ross,HyperSparc,,72,32,?,0.8,1.2,135,5,5,8,0,0,,0,1,1,1,1,0.134570356001387,,0.0992321732637423,,,,,
1994/06/01,Ross,HyperSparc,,100,32,?,0.5,1.7,327,3.3,3.3,8,0,0,,0,1,1,1,1,0.188398498401942,,0.120023676233288,,,,,
1995/08/28,Ross,HyperSparc,,150,32,?,0.4,1.7,?,3.3,3.3,8,0,0,,0,1,1,1,1,0.279267794128575,,0.220286233757945,,,,,
1995/10/01,HAL,Sparc64,,118,64,30,0.4,2.7,297,3.3,3.3,4,4,0,,0,1,1,1,1,0.347381890257495,,0.427085555244996,,,,,
1996/09/30,Fujitsu,TurboSparc,,170,64,7,0.35,3,132,3.3,3.3,16,16,0,,0,1,1,1,1,0.238399336451222,,0.134869122708946,,,,,
1999/04/01,Fujitsu,"Sparc64 GP",,272,64,50,0.4,2.7,240,3.3,3.3,4,4,0,,0,1,1,1,1,1.198808091869,,1.21831774180415,,,,,
1998/05/05,Fujitsu,"Sparc64 GP",,360,64,25,0.35,,,2.6,2.6,4,4,0,,0,1,1,1,1,1.09663694767562,,1.05647479455341,,,,,
1999/05/01,Fujitsu,"Sparc64 GP",,450,64,21,0.25,,126,1.9,1.9,4,4,0,,0,1,1,1,1,1.33503628412684,,1.21831774180415,,,,,
1992/06/01,Sun,SuperSparc,,60,32,14.2,0.6,3.1,256,5,5,20,16,0,,0,1,1,1,1,0.149709521051543,,0.0973420366301472,,,,,
1995/06/01,Sun,"SuperSparc II",,90,32,16,0.6,3.1,299,3.3,3.3,20,16,0,,0,1,1,1,1,0.22708747575234,,0.138925042569239,,,,,
1995/11/07,Sun,"UltraSparc I",,200,64,30,0.4,5.2,265,3.3,3.3,16,16,0,,0,1,1,1,1,0.531289949805581,,0.512502666293995,,,,,
1997/01/22,Sun,"UltraSparc II",,250,64,25,0.35,5.4,149,2.6,2.6,16,16,0,,0,1,1,1,1,0.708386599740775,,0.67434561354473,,,,,
2000/09/27,Sun,"UltraSparc III",,900,64,70,0.18,29,210,1.7,1.7,64,32,0,,0,1,1,1,1,2.99111666194476,,2.86259988689206,,,,,
1988/06/01,Mips,R3000,,40,32,4,1.2,0.12,56,5,5,0,0,0,,0,1,1,1,1,0.0469314116554836,,0.0338334457413521,,,,,
1992/06/01,Mips,R4000,,100,64,15,1,1.1,213,5,5,8,8,0,,0,1,1,1,1,0.0992456375510228,,0.0576491673246503,,,,,
1992/06/01,Mips,R4400,,150,64,15,0.6,2.3,186,3.3,3.3,16,16,0,,0,1,1,1,1,0.18335211005189,,0.0916716267293619,,,,,
1994/05/01,Mips,R4400,,200,64,?,0.5,,148,3.3,3.3,16,16,0,,0,1,1,1,1,0.245590899702531,,0.135144769302049,,,,,
1995/07/31,Mips,R4400,,250,64,?,0.35,,108,3.3,3.3,16,16,0,,0,1,1,1,1,0.30278330100312,,0.168222160389963,,,,,
1994/06/01,Mips,R4600,,150,64,3,0.6,1.9,77,3.3,3.3,16,16,0,,0,1,1,1,1,0.191762757301976,,0.0784406702941963,,,,,
1996/01/08,Mips,R5000,,200,64,10,0.35,3.6,84,3.3,3.3,32,32,0,,0,1,1,1,1,0.374627528709064,,0.247260058299734,,,,,
1996/01/18,Mips,R10000,,200,64,30,0.35,6.8,298,3.3,3.3,32,32,0,,0,1,1,1,1,0.776500695869695,,0.858666747913624,,,,,
1998/11/24,Mips,R12000,,300,64,30,0.25,6.9,204,2.5,2.5,32,32,0,,0,1,1,1,1,1.25329936877214,,1.54649927372925,,,,,
1991/06/01,HP,PA-7000,,66,32,?,1,0.58,196,5,5,0,0,0,,0,1,1,1,1,0.0857886019508841,,0.0774956019773987,,,,,
1994/06/01,Hitachi,harp-1,,120,32,?,0.5,2.8,267,3.3,3.3,8,16,0,,0,1,1,1,1,0.117749061501213,,0.113408198015705,,,,,
1992/06/01,HP,PA-7100,,100,32,10,0.8,0.85,202,5,5,0,0,0,,0,1,1,1,1,0.20858405180215,,0.15026586237081,,,,,
1994/06/04,HP,PA-7150,,125,32,10,0.8,0.85,196,5,5,0,0,0,,0,1,1,1,1,0.354193299870387,,0.206799321487051,,,,,
1994/06/01,HP,PA-7200,,120,32,30,0.55,1.26,210,4.4,4.4,0,2,0,,0,1,1,1,1,0.435930215225092,,0.40910300555047,,,,,
1996/09/01,HP,PA-7300LC,,160,32,15,0.5,9,259,3.3,3.3,64,64,0,,0,1,1,1,1,0.531289949805581,,0.341668444195997,,,,,
1996/06/04,HP,PA-8000,,180,64,40,0.5,3.9,345,3.3,3.3,0,0,0,,0,1,1,1,1,0.803746334321264,,0.90811875957357,,,,,
1997/05/01,HP,PA-8200,,220,64,58,0.5,3.8,338,3.3,3.3,0,0,0,,0,1,1,1,1,1.05576848999827,,1.12390935590788,,,,,
1998/09/01,HP,PA-8500,,440,64,42,0.25,140,467,2,2,512,1024,0,,0,1,1,1,1,2.16602825689968,,2.12194086395409,,,,,
2000/11/01,HP,PA-8600,,552,64,53,0.25,140,467,2,2,512,1024,0,,0,1,1,1,1,2.82458768290715,,2.57158869507108,,,,,
2001/05/01,HP,PA-8700,,750,64,42,0.18,186,306,1.65,1.65,768,1536,0,,0,1,1,1,1,3.86219132152611,,3.45056127444872,,,,,
1979/09/01,Motorola,68000,,14,16,,,0.068,44,5,5,0,0,0,,0,1,1,1,1,0.000872934289303988,,0,,,,,
1983/06/01,Motorola,68010,,14,16,1.5,,0.068,44,5,5,0,0,0,,0,1,1,1,1,0.00124704898471998,,0,,,,,
1991/01/15,Motorola,68040,,33,32,6,0.8,1.2,164,5,5,4,4,0,,0,1,1,1,1,0.0588745307506067,,0.0236267079199386,,,,,
1994/04/01,Motorola,68060,,66,32,,0.5,2.4,198,3.3,3.3,8,8,0,,0,1,1,1,1,0.124704898471998,,0,,,,,
1993/04/01,IBM,PowerPC,601,66,32,6.5,0.6,2.8,121,3.6,3.6,32,0,0,,0,1,1,1,1,0.0672851780006934,,0.0567040990078527,,,,,
1995/06/01,IBM,PowerPC,601v,120,32,5.6,0.5,2.8,121,3.3,3.3,32,0,0,,0,1,1,1,1,0.17662359225182,,0.118133539599693,,,,,
1995/02/01,IBM,PowerPC,602,66,32,1.2,0.5,1,50,3.3,3.3,4,4,0,,0,1,1,1,1,0.0672851780006934,,0.0567040990078527,,,,,
1993/09/01,IBM,PowerPC,603,80,32,2.2,0.5,1.6,83,3.3,3.3,8,8,0,,0,1,1,1,1,0.1261597087513,,0.0803308069277914,,,,,
1995/10/01,IBM,PowerPC,603e,100,32,3.5,0.5,2.6,98,3.3,3.3,16,16,0,,0,1,1,1,1,0.20185553400208,,0.0992321732637423,,,,,
1996/05/13,IBM,PowerPC,,200,32,5.5,0.35,2.6,80,2.5,2.5,16,16,0,,0,1,1,1,1,0.361004709483279,,0.179825496945261,,,,,
1997/04/04,IBM,PowerPC,,300,32,3.5,0.25,2.6,42,2.5,2.5,16,16,0,,0,1,1,1,1,0.504044311354013,,0.274233882841524,,,,,
1994/12/01,IBM,PowerPC,604,100,32,14,0.5,3.6,197,2.5,2.5,16,16,0,,0,1,1,1,1,0.245210746064114,,0.143860397556209,,,,,
1996/07/22,IBM,PowerPC,604e,225,32,14,0.5,5.1,148,2.5,2.5,32,32,0,,0,1,1,1,1,0.69476378051499,,0.341668444195997,,,,,
1997/08/01,IBM,PowerPC,,350,32,8,0.25,,47,1.9,1.9,32,32,0,,0,1,1,1,1,0.994465803482241,,0.404607368126838,,,,,
1995/07/01,IBM,PowerPC,620,133,64,30,0.5,7,311,3.3,3.3,32,32,0,,0,1,1,1,1,0.408684576773524,,0.269738245417892,,,,,
1998/10/01,IBM,PowerPC,630,200,64,?,0.25,,270,2.5,2.5,32,64,0,,0,1,1,1,1,0.899106068901752,,1.35318686451309,,,,,
1997/08/04,IBM,PowerPC,740,266,32,8,0.29,6.4,67,2.6,2.6,32,32,0,,0,1,1,1,1,0.783312105482587,,0.310198982230576,,,,,
1998/10/04,IBM,PowerPC,750,400,32,8,0.25,6.4,40,2.6,2.6,32,32,0,,0,1,1,1,1,1.30779064567528,,0.588928502495731,,,,,
1999/08/05,IBM,PowerPC,7400,500,32,6,0.22,10.5,83,1.8,1.8,32,32,0,,0,1,1,1,1,1.4576416571589,,0.917110034420833,,,,,
2001/07/18,IBM,PowerPC,7450,733,32,23,0.18,33,106,1.8,1.8,32,32,256,,0,1,1,1,1,2.18646248573835,,1.07445734424794,,,,,
2004/06/26,IBM,Power5,,1900,64,100,0.13,276,389,1.2,1.2,32,32,1925,yes,0,2,2,1,2,8.95413510363765,,15.2988740843028,,,,,
1997/05/30,Cyrix,M2,,188,32,13,0.35,6.5,197,2.9,2.9,32,32,0,,0,1,1,1,1,0.347381890257495,,0.121382210438051,,,,,
1997/04/02,AMD,K6,,233,32,17,0.35,8.8,157,3.3,3.3,32,32,0,,0,1,1,1,1,0.46317585367666,,0.170834222097998,,,,,
1998/04/07,AMD,K6,,300,32,9.5,0.25,,68,3.3,3.3,32,32,0,,0,1,1,1,1,0.551724178644257,,0.220286233757945,,,,,
1998/05/28,AMD,K6-2,,333,32,11.4,0.25,9.3,81,2.4,2.4,32,32,0,,0,1,1,1,1,0.647083913224746,,0.29221643253605,,,,,
1998/11/16,AMD,K6-2,,400,32,13.6,0.25,,81,2.4,2.4,32,32,0,,0,1,1,1,1,0.776500695869695,,0.35065971904326,,,,,
1999/02/22,AMD,K6-III,,450,32,17.1,0.25,21.3,135,2.4,2.4,32,32,256,,0,1,1,1,1,1.04214567077249,,0.472041929481311,,,,,
1999/06/23,AMD,K7,,600,32,45,0.25,22,184,1.8,1.8,64,64,0,,0,1,1,1,1,1.87313764354532,,0.998031508046201,,,,,
1999/11/29,AMD,K7,,750,32,35,0.18,22,102,1.8,1.8,64,64,0,,0,1,1,1,1,2.24095376264149,,1.19134391726236,,,,,
2000/05/06,AMD,"Athlon Thunderbird",,1000,32,49,0.18,37,120,1.8,1.8,64,64,256,,0,1,1,1,1,2.67727358606619,,1.90642025662313,,,,,
2001/06/06,AMD,"Athlon Thunderbird",,1400,32,56,0.18,,120,1.8,1.8,64,64,256,,0,1,1,1,1,3.54834824564754,,2.72006379293892,,,,,
2002/06/02,AMD,"Athlon XP",,1800,32,62,0.13,37.2,85,1.5,1.5,64,64,256,,0,1,1,1,1,4.72686102037524,,3.70593844278142,,,,,
2003/02/03,AMD,"Athlon XP",,2160,32,74,0.13,54.3,101,1.5,1.5,64,64,512,,0,1,1,1,1,6.37293592855469,,5.1609944018863,,,,,
2004/06/01,AMD,"Athlon 64",FX-55,2600,64,89,0.13,105.9,193,1.5,1.5,64,64,1024,,0,1,1,1,1,11.874797197528,,10.58330497602,,,,,
2005/06/05,AMD,"Athlon 64",FX-57,2800,64,85,0.09,114,115,1.4,1.4,128,128,1024,,0,1,1,1,1,11.9260368833858,,12.388762166093,,,,,
2006/06/06,AMD,"Athlon 64",5000,2600,64,65,0.065,154,126,1.25,1.35,64,64,512,no,0,1,2,1,2,10.3247967003318,,9.81123446710721,,,,,
2003/04/03,AMD,Opteron,144,1800,64,89,0.13,105.9,193,1.55,1.55,64,64,1024,,0,1,1,1,1,7.49380405669245,,7.23964577203613,,,,,
