Name,Model,Date,Clock Speed (MHz),Bus Width,Power Typ (W),Tech,Feature Size (um),Num Metal Layers,Num Transistors,Die Size,I $,D $,L2 $,L3$,Vdd,MIPS,Spec92,Spec92,Spec95,Spec95,Spec2000,Spec2000,Spec2006,Spec2006,SpecRate06,SpecRate06,Cycle in FO4,SpecInt2006 per MHz,Power Density (W/mm2),SpecAvg,SpecrAvg,Watts/Spec,Watts/SpecR,Watts/l^3*Spec,l^3*Spec^2/Watt,,SpecAvg*L,Watts/(V^2*L*Spec),Watts/(V^2*L*SpecR),NumChips,NumCores/Chip,ThreadPerCore,FO4,Performance,PerformanceR,IPC,IPCRate,,,,
Name,,Introduction,Clock Speed (MHz),Bus Width,Power Typ (W),Tech,Feature Size (um),Num Metal Layers,Num Transistors,Die Size,I $,D $,L2 $,L3$,Vdd,MIPS,int,fp,int,fp,int,fp,int,fp,int,fp,Cycle in FO4,SpecInt2006 per MHz,Power Density (W/mm2),,,,,,,2071.22086543168,,,,NumChips,NumCores/Chip,ThreadPerCore,FO4,Performance,PerformanceR,IPC,IPCRate,,,,
,,,,,,,,,,,,,,,,,0.741351377390802,,0.0246957611656997,0.0210218980701101,10.63,7.57,0.00640,0.00594,,,,,,,,,,,,,,,,,,,,,,,,,,,
Intel 4004,,1971-11-15,0.108,4,0.5,pmos,10,2,0.0023,12,0,0,0,,5,0.06,,,0.0238196286472149,,0.01,,0.0001,0.0000,,,2572,0.000693,,0.000037,0.000000,,,,,,,,,,,,0.0000000018,0.00673406451748791,0,0.0623524492359992,0,,,,
Intel 8008,,1972-04-01,0.2,8,1,pmos,10,2,0.0035,16,0,0,0,,5,0.06,,,0.0243027888446215,,0.01,,0.0001,0.0000,,,1389,0.000374,,0.000037,0.000000,,,,,,,,,,,,0.0000000018,0.00673406451748791,0,0.0336703225874396,0,,,,
Intel 8080,,1974-04-01,2,8,0.8,pmos,6,2,0.006,20,0,0,0,,5,0.64,,,,,0.12,,0.0008,0.0000,,,231,0.000399,,0.000399,0.000000,,,,,,,,,,,,0.00000000108,0.0430980129119226,0,0.0215490064559613,0,,,,
Intel 8086 (1978-1979),,1978-06-07,5,16,1.7,nmos,3,2,0.029,33,0,0,0,,5,0.33,,,,,0.06,,0.0004,0.0000,,,185,0.000082,0.05,0.000206,0.000000,8261.92910565079,#DIV/0!,4.78120897317754,0.0000430357852235957,,0.000617289247436392,110.159054742011,#DIV/0!,,1,,0.00000000054,0.0111112064538551,0,0.00222224129077101,0,,,,
,,1978-07-07,8,,1.8,,3,,,33,,,,,5,0.66,,,,,0.13,,0.0008,0.0000,,,116,0.000103,0.05,0.000412,0.000000,4373.96246769748,#DIV/0!,2.53122827991752,0.000162579633066917,,0.00123457849487278,58.3194995692997,#DIV/0!,,1,,0.00000000054,0.0222224129077101,0,0.00277780161346376,0,,,,
,,1978-08-07,10,,1.8,,3,,,33,,,,,5,0.75,,,,,0.15,,0.0009,0.0000,,,93,0.000094,0.05,0.000468,0.000000,3849.08697157378,#DIV/0!,2.22748088632742,0.000209942707989304,,0.00140293010780998,51.3211596209837,#DIV/0!,,1,,0.00000000054,0.0252527419405797,0,0.00252527419405797,0,,,,
Intel 8088 (1979),,1979-06-01,8,8,1.8,cmos,3,2,0.029,33,0,0,0,,5,0.75,,,,,0.15,,0.0009,0.0000,,,116,0.000117,0.05,0.000468,0.000000,3849.08697157378,#DIV/0!,2.22748088632742,0.000209942707989304,,0.00140293010780998,51.3211596209837,#DIV/0!,,1,,0.00000000054,0.0252527419405797,0,0.00315659274257246,0,,,,
Intel 80286 (1982),,1982-02-01,6,16,3.3,cmos,1.5,2,0.134,47,0,0,0,,5,0.9,,,,,0.18,,0.0011,0.0000,,,309,0.000187,,0.000561,0.000000,5880.54953990439,#DIV/0!,,,,,156.81465439745,#DIV/0!,,1,,0.00000000027,0.0151516451643478,0,0.00252527419405797,0,,,,
,,1982-03-01,10,,3.3,,1.5,,,47,,,,,5,1.5,,,,,0.29,,0.0019,0.0000,,,185,0.000187,,0.000935,0.000000,3528.32972394263,#DIV/0!,,,,,94.0887926384702,#DIV/0!,,1,,0.00000000027,0.0252527419405797,0,0.00252527419405797,0,,,,
,,1982-04-01,12,,3.3,,1.5,,,47,,,,,5,2.66,,,,,0.52,,0.0033,0.0000,,,154,0.000276,,0.001659,0.000000,1989.65961876464,#DIV/0!,,,,,53.0575898337238,#DIV/0!,,1,,0.00000000027,0.0447815290412946,0,0.00373179408677455,0,,,,
Intel 80386 (1985-1989),DX,1985-10-17,16,32,1.7,cmos,1.5,2,0.275,103,0,0,0,,5,5.5,,,,,1.07,,0.01,0.00,,,116,0.000429,0.02,0.003429,0.000000,495.715746339048,#DIV/0!,2.29498030712522,0.00149429809804152,,0.00514407706196993,13.2190865690413,#DIV/0!,,1,,0.00000000027,0.0925933871154588,0,0.00578708669471617,0,,,,
,,1987-02-16,20,,1.3,,1,,,46,,,,,5,6.5,,,,,1.27,,0.01,0.00,,,139,0.000405,0.03,0.004053,0.000000,320.757247631148,#DIV/0!,5.01183199423669,0.000808668208551394,,0.00405290920033995,12.8302899052459,#DIV/0!,,1,,0.00000000018,0.072952365606119,0,0.00364761828030595,0,,,,
,,1988-04-04,25,,1.6,,1,,,46,,,,,5,8.5,,,,,1.65,,0.01,0.00,,,111,0.000424,0.03,0.005300,0.000000,301.889174241081,#DIV/0!,4.71701834751689,0.00112358227053535,,0.00529995818505993,12.0755669696432,#DIV/0!,,1,,0.00000000018,0.0953992473310788,0,0.00381596989324315,0,,,,
,,1989-04-10,33,,2,,1,,,46,,,,,5,11.4,9.4,3,,,2.47,0.48,0.02,0.00,,,84,0.000479,0.04,0.009324,0.000000,214.509166409497,#DIV/0!,3.35170572514839,0.00278175104106581,,0.00932361089027779,8.58036665637989,#DIV/0!,,1,,0.00000000018,0.167824996025,0,0.00508560594015152,0,,,,
Intel 80486 (1990-1994),DX,1989-04-10,25,32,3,cmos,1,3,1.2,81,8 unified,,0,,5,20,16.8,7.4,,,4.41,1.18,0.03,0.01,,,111,0.001130,0.04,0.017627,0.000000,170.196927723015,#DIV/0!,2.6593269956721,0.00662823345191578,,0.0176266401522965,6.80787710892058,#DIV/0!,,1,,0.00000000018,0.317279522741338,0,0.0126911809096535,0,,,,
,,1990-05-07,33,,3.5,,1,,,81,,,,,5,27,18.6,8.5,,,4.88,1.35,0.03,0.01,,,84,0.000948,0.04,0.019660,0.000000,178.023332591666,#DIV/0!,2.78161457174478,0.00706796133125618,,0.0196603442315508,7.12093330366663,#DIV/0!,,1,,0.00000000018,0.353886196167914,0,0.0107238241263004,0,,,,
,,1991-06-24,50,,4,,0.8,,,76,,,,,5,41,33.4,14.5,,,8.77,2.31,0.06,0.01,,,69,0.001124,0.05,0.034943,0.000000,114.47113426245,#DIV/0!,3.4933817829117,0.0100027163601188,,0.0279546456896574,5.72355671312253,#DIV/0!,,1,,0.000000000144,0.503183622413832,0,0.0100636724482766,0,,,,
,DX2,1992-08-10,66,,5.8,,0.8,,,76,,,,,5,54,29.9,18.8,,,7.85,2.99,0.05,0.02,,,53,0.000762,0.08,0.034031,0.000000,170.430449502451,#DIV/0!,5.20112455756992,0.0065430998775304,,0.0272251819645249,8.52152247512256,#DIV/0!,,1,,0.000000000144,0.490053275361448,0,0.0074250496266886,0,,,,
,DX4,1994-03-07,100,,4.1,bicmos,0.6,4,1.6,87,,,,,3.3,70.7,54.59,26.91,,,14.34,4.28,0.09,0.03,,,46,0.000918,0.05,0.058630,0.000000,69.9305261057083,#DIV/0!,5.05863180741524,0.0115900148049501,,0.0351777705244405,10.7025598570108,#DIV/0!,,1,,0.000000000108,0.633199869439929,0,0.00633199869439929,0,,,,
Intel Pentium (1993-1997),,1993-03-22,66,32,13,bicmos,0.8,3,3.2,294,8,8,,,5,112,77.9,63.6,,,20.46,10.12,0.13,0.06,,,53,0.001985,0.04,0.095572,0.000000,136.022939964156,#DIV/0!,4.15109069714832,0.0230233742225851,,0.0764576916418697,6.8011469982078,#DIV/0!,,1,,0.000000000144,1.37623844955366,0,0.0208520977205099,0,,,,
,,1994-07-03,100,,3.9,,0.6,4,,148,,,,,3.3,166.3,,,3.3,2.6,35,20,0.22,0.12,,,46,0.002248,0.03,0.170832,0.000000,22.8295072626199,#DIV/0!,1.65144005082609,0.103443988193501,,0.102498927071957,3.49395581001223,#DIV/0!,,1,,0.000000000108,1.84498068729523,0,0.0184498068729523,0,,,,
,,1995-03-27,120,,5.1,,0.6,,,91,,,,,3.3,203,,,3.7,2.8,39,21,0.25,0.13,,,39,0.002100,0.06,0.188950,0.000000,26.9912672783442,#DIV/0!,1.9524932927043,0.0967737008241599,,0.113370001061607,4.13089490026695,#DIV/0!,,1,,0.000000000108,2.04066001910892,0,0.017005500159241,0,,,,
,,1995-06-12,133,,4.3,,0.35,,3.3,83,,,,,3.3,218.9,,,4,3.5,43,26,0.27,0.16,,,60,0.002049,0.05,0.214902,0.000000,20.0091346658857,#DIV/0!,7.29195869748022,0.0294710730116524,,0.0752156465099876,5.24967458110605,#DIV/0!,,1,,0.000000000063,1.35388163717978,0,0.0101795611818028,0,,,,
,,1996-06-04,166,,5.4,,0.35,,,83,,,,,3.3,,,,4.8,3.7,51,28,0.33,0.17,,,48,0.001970,0.07,0.246643,0.000000,21.893981609128,#DIV/0!,7.9788562715481,0.0309120899853906,,0.0863250930663076,5.74419037363977,#DIV/0!,,1,,0.000000000063,1.55385167519354,0,0.00936055226020202,0,,,,
,,1996-06-10,200,,6.5,,0.35,,,83,,,,,3.3,,,,5.7,4.3,61,33,0.39,0.19,,,40,0.001941,0.08,0.290781,0.000000,22.3535634635292,#DIV/0!,8.14634237009083,0.0356947161517666,,0.101773482501426,5.86476806074491,#DIV/0!,,1,,0.000000000063,1.83192268502566,0,0.00915961342512831,0,,,,
,MMX,1997-01-08,200,,7.3,,0.35,,4.5,140,16,16,0,,3.3,,,,6.4,4.8,68,36,0.44,0.22,,,40,0.002180,0.05,0.325860,0.000000,22.4022307421269,#DIV/0!,8.16407825879259,0.039913924811874,,0.114051142022896,5.87753659769825,#DIV/0!,,1,,0.000000000063,2.05292055641213,0,0.0102646027820606,0,,,,
,,1997-06-02,233,,7.9,,0.35,,,140,,,,,3.3,,,,7.1,5.2,76,39,0.48,0.23,,,34,0.002076,0.06,0.358692,0.000000,22.0244903579134,#DIV/0!,8.02641776891888,0.04468887922344,,0.125542064995231,5.77843115778917,#DIV/0!,,1,,0.000000000063,2.25975716991416,0,0.00969852862624101,0,,,,
Intel Pentium Pro (1995),,1995-11-01,200,32,32,bicmos,0.35,4,5.5,196,16,16,0,,3.3,,,,8.7,6.8,93,51,0.59,0.31,,,40,0.002963,0.16,0.449148,0.000000,71.2460050412282,#DIV/0!,25.964287551468,0.0172986834194448,,0.157201796697497,18.6923796513783,#DIV/0!,,1,,0.000000000063,2.82963234055494,0,0.0141481617027747,0,,,,
Intel Pentium II (1997-1998),Klamath,1997-05-07,300,32,12,cmos,0.35,4,7.5,203,16,16,0,,2.8,,,,12,8.5,128,64,0.82,0.38,,,26,0.002725,0.06,0.599749,0.000000,20.0083645875917,#DIV/0!,7.2916780567025,0.0822511858880791,,0.209912208547252,7.2916780567025,#DIV/0!,,1,,0.000000000063,3.77841975385054,0,0.0125947325128351,0,,,,
,Deschutes,1998-01-26,333,,14,,0.25,5,,118,16,16,0,,2,,,,13,9.2,138,70,0.89,0.41,,,33,0.002659,0.12,0.649541,0.000000,21.5536835348241,#DIV/0!,21.5536835348241,0.0301359600680587,,0.162385236581259,21.5536835348241,#DIV/0!,,1,,0.000000000045,2.92293425846266,0,0.00877758035574371,0,,,,
,Mendocino,1998-08-24,300,,12,,0.25,,1.9,154,16,16,128,,2,,,,12,9.2,128,70,0.82,0.41,,,37,0.002725,0.08,0.615484,0.000000,19.4968544813493,#DIV/0!,19.4968544813493,0.0315683690848361,,0.153870974565144,19.4968544813493,#DIV/0!,,1,,0.000000000045,2.76967754217259,0,0.00923225847390862,0,,,,
Intel Pentium III (1999-2000),Katmai,1999-02-26,500,32,19,cmos,0.25,5,9.5,128,16,16,0,,2,,,,20.7,14.7,220,111,1.41,0.66,,,22,0.002820,0.15,1.035410,0.000000,18.350214401749,#DIV/0!,18.350214401749,0.0564249671912584,,0.258852561392812,18.350214401749,#DIV/0!,,1,,0.000000000045,4.65934610507061,0,0.00931869221014122,0,,,,
,Coppermine,1999-10-25,733,,16,,0.18,6,28,106,,,256,,1.65,,,,35.7,30.5,335,244,2.15,1.45,,,21,0.002927,0.15,1.797389,0.000000,8.90179946418548,#DIV/0!,23.8495570349619,0.0753636387294895,,0.323530092043421,18.1650841020008,#DIV/0!,,1,,2.75E-11,4.94282085066337,0,0.00674327537607554,0,,,,0.00000000022525
,Cascade,2000-03-08,1000,,22,,0.18,,,90,,,,,1.7,,,,,,442,314,2.83,1.86,,,31,0.002831,0.24,2.347920,0.000000,9.36999582424144,#DIV/0!,25.1039411443368,0.093527941406898,,0.422625588557355,18.0122949331823,#DIV/0!,,1,,2.75E-11,6.45677982518182,0,0.00645677982518182,0,,8.50E-12,0.00000000000901,0.0000000000643571428571429
Intel Pentium IV (2000-2005),Willamette,2000-11-20,1500,32,52,cmos,0.18,6,42,217,12,8,256,,1.7,,,,,,536,558,3.43,3.31,,,21,0.002289,0.24,3.373512,0.000000,15.414205330282,#DIV/0!,41.2974894179794,0.081688054552059,,0.607232082319016,29.6313059021184,#DIV/0!,,1,,2.75E-11,9.27715681320719,0,0.00618477120880479,0,,,,0.0000000000375416666666666
,,2001-09-01,2000,,57,,0.18,,,217,,,,,1.7,,,,,,656,714,4.20,4.24,,,15,0.002101,0.26,4.221052,0.000000,13.5037442117726,#DIV/0!,36.1790129130567,0.116671273698467,,0.759789273189528,25.9587547323579,#DIV/0!,,1,,2.75E-11,11.6078916737289,0,0.00580394583686445,0,,,,0.0000000000265
,Norwood,2002-01-02,2200,,55,,0.13,,55,145,,,512,,1.5,1.5,,,,,811,801,5.19,4.76,,,19,0.002361,0.38,4.975783,0.000000,11.0535374888131,#DIV/0!,78.6124366238981,0.063295107726552,,0.646851743818329,37.7898717566259,#DIV/0!,,1,,2.00E-11,9.95156528951275,0,0.00452343876796034,0,,,,0.0000000000204772727272727
,,2002-05-02,2533,,59,,0.13,,,131,,,,,1.5,,,,,,882,861,5.65,5.11,,,17,0.002230,0.45,5.381329,0.000000,10.9638346670734,#DIV/0!,77.9744727687852,0.0690139821034571,,0.699572752864888,37.4831954429858,#DIV/0!,,1,,2.00E-11,10.7626577363829,0,0.00424897660338843,0,,,,0.0000000000166851851851852
,,2002-11-02,3000,,73,,0.13,,,131,,,,,1.5,,,,,,1107.00,1091.00,7.09,6.48,,,14,0.002363,0.56,6.784872,0.000000,10.7592296049439,#DIV/0!,76.5193275271952,0.0886687405655315,,0.882033412098515,36.783690957073,#DIV/0!,,1,,2.00E-11,13.5697448015156,0,0.00452324826717187,0,,,,0.000000000014078125
,Prescott,2004-06-21,3600,,115,,0.09,,,112,,16,1024,,1.425,,,,,,1575.00,1630.00,10.09,9.68,,,17,0.002802,1.03,9.884195,0.000000,11.6347363350879,#DIV/0!,249.372778101164,0.0396362218938825,,0.88957752904005,63.662590664275,#DIV/0!,,1,,1.35E-11,13.3436629356008,0,0.00370657303766688,0,,,,0.0000000000121756756756757
,Extreme Edition,2005-03-01,3373,,109,,0.09,,169,135,,8,2048,0,1.5,,,,,,1793.00,2013.00,11.48,11.96,,,18,0.003405,0.81,11.719655,0.000000,9.30061528687208,#DIV/0!,199.344463453191,0.0587909718362598,,1.05476892629318,45.9289643796152,#DIV/0!,,1,,1.35E-11,15.8215338943977,0,0.00469064153406395,0,,,,0.0000000000107261904761905
,670,2005-12-01,3800,,115,,0.09,,169,135,12,16,2048,,1.5,,,,,,1857.00,2088.00,11.89,12.40,,,16,0.003130,0.85,12.147326,0.000000,9.46710401938239,#DIV/0!,202.912894791289,0.0598647322996302,,1.09325935141412,46.751130959913,#DIV/0!,,1,,1.35E-11,16.3988902712118,0,0.00431549743979258,0,,,,0.00000000000958510638297872
Intel Itanium 2001-2004,Merced,2001-05-29,800,64,130,cmos,0.18,6,25,300,16,16,96,,1.65,,,,,,370,711,2.37,4.22,,,39,0.002962,0.43,3.296234,0.000000,39.4389520601938,#DIV/0!,105.664201978829,0.0311953676402262,,0.593322052885322,80.4794450774285,#DIV/0!,,1,,2.75E-11,9.06464247463686,0,0.0113308030932961,0,,,,
,McKinley,2002-07-02,1000,,130,,0.18,,221,421,16,16,256,3072,1.5,,,,,,810,1178,5.19,7.00,,,31,0.005188,0.31,6.092082,0.000000,21.3391729485841,#DIV/0!,57.1715667561087,0.106557905406063,,1.09657483241649,52.6893159224298,#DIV/0!,,1,,2.75E-11,16.753226606363,0,0.016753226606363,0,,,,
,Madison,2004-11-04,1600,,130,,0.13,,592,432,16,16,256,9216,1.2,,,,,,1590,2712,10.18,16.11,,,27,0.006365,0.30,13.145233,0.000000,9.88951653465253,#DIV/0!,70.3339535065752,0.186897400687629,,1.70888030176025,52.828613967161,#DIV/0!,,1,,2.00E-11,26.2904661809269,0,0.0164315413630793,0,,,,
,,,,,,,,,,,,,,,,,,,,,,,,,,,,,,,0.000000,,#DIV/0!,,,,,,#DIV/0!,,,,,0,#DIV/0!,#DIV/0!,#DIV/0!,,,,
Intel Pentium D (2006),940 (Presler),2006-08-01,3200,64,130,cmos,0.065,6,376,140,12,16,2048,,1.33,,,,,,1598,1836,10,11,19,19,27,0.003250,0.93,10.800000,19.000000,12.037037037037,6.8421052631579,684.856454087223,0.015769728,,0.702,104.689459655823,59.5076928569941,1,2,1,1.05E-11,11.2968,0.141957142857143,0.00353025,0.0000443616071428571,,,,
,950 (Presler),2006-08-01,3400,64,130,cmos,0.065,6,376,140,12,16,2048,,1.33,,,,,,,,11,12,20,20,25,0.003206,0.93,11.300000,20.000000,11.5044247787611,6.5,654.55307116301,0.017263688,,0.7345,100.057182679902,56.5323082141444,1,2,1,1.05E-11,11.8198,0.149428571428571,0.00347641176470588,0.0000439495798319328,,,,
Intel Core 2 (2006-2007),Duo Extreme QX6700 (Kentsfield),2006-08-01,2666,64,130,cmos,0.065,6,291,143,32,32,4096,,1.34,,,,,,2829,2679,18.12,15.91,,,32,0.006797,0.91,17.015113,0.000000,7.64026676144117,#DIV/0!,434.69883713252,0.0391423009357884,,1.10598232546609,65.461442170101,#DIV/0!,1,4,1,1.05E-11,17.7978078836544,0,0.00667584691809991,0,,,,
,Duo Extreme X6800 (Kentsfield),2006-08-01,2930,64,75,cmos,0.065,6,291,143,32,32,4096,,1.34,,,,,,2455,2294,19,17,31,27,29,0.006314,0.52,17.650000,29.000000,4.24929178470255,2.58620689655172,241.766715105971,0.0730042594666667,,1.14725,36.4077298756152,22.1584976656761,1,2,1,1.05E-11,18.4619,0.212125874125874,0.00630098976109215,0.0000723979092579775,,,,
,Extreme quad-core QX9650 (Yorkfield),2007-11-01,3000,64,130,cmos; high-K,0.045,9,820,167,128,128,12288,,1.36,,,,,,,,22,21,73,53,41,0.007200,0.78,21.150000,63.000000,6.14657210401891,2.06349206349206,1053.93897531188,0.0200675755384615,,0.95175,73.8486652251407,24.7920518970115,1,4,2,8.50E-12,17.9775,3.21E-01,0.0059925,0.00010688622754491,,,,
,Due T7600 (Merom),2006-09-01,2333,64,34,cmos,0.065,6,291,143,32,32,4096,,1.3,,,,,,2455,2292,14,13,24,20,37,0.006001,0.24,13.250000,22.000000,2.56603773584906,1.54545454545455,145.996685016446,0.0907554852941177,,0.86125,23.3594696026314,14.0687714652212,1,2,1,1.05E-11,13.8595,0.160923076923077,0.00594063437633948,0.0000689768868080055,,,,
Intel Xeon (2006),Dual-Core (Paxville),2006-11-01,3000,64,135,cmos,0.09,9,200,213,32,32,4096,,1.412,,,,,,2929,2893,17,14,,,21,0.005533,0.63,15.500000,0.000000,8.70967741935484,#DIV/0!,186.678614097969,0.0830304,,1.395,48.5389265363994,#DIV/0!,2,2,1,1.35E-11,20.925,0,0.006975,0,,,,
,7140M (Tulsa),2006-08-01,3400,64,150,cmos,0.065,6,1300,435,12,16,2048,16384,1.35,,,,,,1736,2000,12,13,20,15,25,0.003529,0.34,12.650000,17.250000,11.8577075098814,8.69565217391304,674.653363102038,0.0187503697333333,,0.82225,100.096718454206,73.4042601997513,4,2,2,0.0000000000133075,16.8339875,0.0527711206896552,0.00495117279411765,0.0000155209178498986,,,,
Intel Core i7 (2009),975 XE (Nehalem-Bloomfield),2009-05-10,3333,64,130,cmos; high-K,0.045,9,731,263,128,128,1024,8192,0.8-1.375,,,,,,,,31.60,32.90,123.00,89.00,37,0.009481,0.49,32.250000,106.000000,4.03100775193798,1.22641509433962,691.187886134771,0.0466588038461538,,1.45125,#VALUE!,#VALUE!,1,4,2,8.50E-12,27.4125,0.342585551330798,0.00822457245724572,0.000102785943993639,,,,
Intel Atom (2008),Z series (Silverthorne ),2008-04-08,1600,32,2.4,cmos; high-K,0.045,9,47,26,32,24,512,,1.1,,,,,,653,582,4.18,3.46,,,77,0.002614,0.09,3.819470,0.000000,0.628359461968343,#DIV/0!,107.743391969881,0.0354496897528332,,0.171876141821258,11.5401186771046,#DIV/0!,1,1,2,0.000000000008415,3.21408385205752,0,0.00200880240753595,0,,,,
,N series (Diamondville),2008-06-08,1860,32,4,cmos; high-K,0.045,9,47,26,32,24,512,,1.16,,,,,,,,?,?,,,66,#VALUE!,0.15,#VALUE!,0.000000,#VALUE!,#DIV/0!,#VALUE!,#VALUE!,,#VALUE!,#VALUE!,#DIV/0!,1,1,2,1.56E-011,#VALUE!,0,#VALUE!,0,,,,
,300 series (Dual Diamondville),2008-09-08,1860,32,8,cmos; high-K,0.045,9,94,52,64,48,1024,,1.16,,,,,,,,?,?,,,66,#VALUE!,0.15,#VALUE!,0.000000,#VALUE!,#DIV/0!,#VALUE!,#VALUE!,,#VALUE!,#VALUE!,#DIV/0!,1,2,2,1.56E-011,#VALUE!,0,#VALUE!,0,,,,
,,,,,,,,,,,,,,,,,,,,,,,,,,,,,,,,,#DIV/0!,,,,,#DIV/0!,#DIV/0!,,,,,0,#DIV/0!,#DIV/0!,#DIV/0!,,,,
Zylog Z80,,1976-07-01,2.5,8,0.8,nmos,?,2,0.0085,18,0,0,0,,5,,,,,,,,?,?,,,,,0.04,#VALUE!,0.000000,,#DIV/0!,,,,,#VALUE!,#VALUE!,,,,#N/A,#VALUE!,#N/A,#VALUE!,#N/A,,,,
,,,,,,,,,,,,,,,,,,,,,,,,,,,,,,,,,#DIV/0!,,,,,#DIV/0!,#DIV/0!,,,,,0,#DIV/0!,#DIV/0!,#DIV/0!,,,,
Dec Alpha (2001-2003),21064,1992-10-01,200,64,35,cmos,0.68,3,1.7,234,8,8,0,,3.3,,106.5,200.4,,,28,32,0.18,0.19,,,20,0.000896,0.15,0.184269,0.000000,189.939461812349,#DIV/0!,9.43861976776521,0.0195229009209433,,0.125303082218445,25.6494708869914,#DIV/0!,,1,,#N/A,#N/A,#N/A,#N/A,#N/A,,,,
,21064A,1994-06-01,300,,28,cmos,0.5,4,2.8,?,16,16,0,,3.3,,201.5,366.5,,,53,58,0.34,0.35,,,19,0.001130,,0.342658,0.000000,81.714054758077,#DIV/0!,10.2142568447596,0.033547062341417,,0.171329155571198,15.0071725910151,#DIV/0!,,1,,#N/A,#N/A,#N/A,#N/A,#N/A,,,,
,21164,1995-03-01,300,64,50,cmos,0.5,4,9.67,299,8,8,96,,3.3,,341,513,8.5,12.7,90,96,0.58,0.57,,,19,0.001930,0.17,0.574958,0.000000,86.9628912115489,#DIV/0!,10.8703614014436,0.0528922511143152,,0.287478942474258,15.9711462280163,#DIV/0!,,1,,#N/A,#N/A,#N/A,#N/A,#N/A,,,,
,,1995-10-02,333,,50,,0.5,,,,,,,,3.3,,412,542,9.8,13.4,104,101,0.67,0.60,,,17,0.002005,,0.634967,0.000000,78.7442771806232,#DIV/0!,9.8430346475779,0.0645092495505207,,0.317483389207512,14.461758894513,#DIV/0!,,1,,#N/A,#N/A,#N/A,#N/A,#N/A,,,,
,21164A,1996-07-08,500,,43,,0.35,4,9.67,209,8,8,96,,2,,,,15,20.4,160,154,1.02,0.92,,,16,0.002043,0.21,0.969411,0.000000,44.3568430868099,#DIV/0!,16.1650302794497,0.0599696209297991,,0.339293758362062,31.6834593477214,#DIV/0!,,1,,#N/A,#N/A,#N/A,#N/A,#N/A,,,,
,,1997-03-31,600,,46,,0.35,,,209,,,,,2,,,,18.4,21.3,196,161,1.25,0.96,,,13,0.002089,0.22,1.105435,0.000000,41.6125752188071,#DIV/0!,15.1649326599151,0.0728941627894453,,0.38690227450099,29.7232680134336,#DIV/0!,,1,,#N/A,#N/A,#N/A,#N/A,#N/A,,,,
,21164PC,1997-03-17,533,,36,,0.35,4,3.5,138,16,8,0,,2.5,,,,14.3,17,152,129,0.97,0.76,,,15,0.001827,0.26,0.869145,0.000000,41.4200177320847,#DIV/0!,15.0947586487189,0.0575792557242528,,0.304200738915662,18.934865248953,#DIV/0!,,1,,#N/A,#N/A,#N/A,#N/A,#N/A,,,,
,21264,1998-07-01,500,64,91,cmos,0.35,6,15.2,314,64,64,0,,2.2,,,,,,311,422,1.99,2.51,,,16,0.003984,0.29,2.249101,0.000000,40.4606067509474,#DIV/0!,14.7451190783336,0.152531912961557,,0.787185426952458,23.8846556971354,#DIV/0!,,1,,#N/A,#N/A,#N/A,#N/A,#N/A,,,,
,21264A,1999-06-01,667,,73,,0.25,,,225,,,,,2.1,,,,40,84,444,577,2.84,3.43,,,17,0.004264,0.32,3.135304,0.000000,23.2832293296478,#DIV/0!,23.2832293296478,0.13465932356533,,0.783825977986708,21.1185753556896,#DIV/0!,,1,,#N/A,#N/A,#N/A,#N/A,#N/A,,,,
,21264B,2001-02-13,833,,65,,0.18,,,125,,,,,1.5,,,,50,100,571,784,3.66,4.66,,,19,0.004390,0.52,4.156706,0.000000,15.637382763706,#DIV/0!,41.8954227851348,0.0992162281052403,,0.748207048250775,38.6108216387802,#DIV/0!,,1,,0.000000000044475,18.4869491505296,0,0.0221932162671423,0,,,,
,21364 (EV7),2003-01-15,1150,64,155,cmos,0.18,7,152,397,64,64,1536,,1.5,,,,,,877,1482,5.62,8.80,,,27,0.004884,0.39,7.209377,0.000000,21.4997767615191,#DIV/0!,57.6018538921015,0.125158769983063,,1.29768789273832,53.0858685469608,#DIV/0!,,1,,0.000000000044475,32.0637050164093,0,0.0278814826229646,0,,,,
,,,,,,,,,,,,,,,,,,,,,,,,,,,,,,,,,#DIV/0!,,,,,#DIV/0!,#DIV/0!,,,,,0,#DIV/0!,#DIV/0!,#DIV/0!,,,,
Cypress,CY7C601,1990-06-01,40,32,3,cmos,0.8,2,0.08,64,0,0,0,,5,,21.8,22.8,,,6,4,0.04,0.02,,,87,0.000917,0.05,0.029109,0.000000,103.060945051444,#DIV/0!,3.14517044224377,0.00925513906200725,,0.0232871918533448,5.1530472525722,#DIV/0!,,1,,#N/A,#N/A,#N/A,#N/A,#N/A,,,,
Fuji,MicroSparc,1991-06-01,50,32,4,cmos,0.8,2,?,225,4,2,0,,5,,26.4,21,,,7,3,0.04,0.02,,,69,0.000888,0.02,0.032127,0.000000,124.504603704261,#DIV/0!,3.79957897046696,0.0084554963369151,,0.0257018608532824,6.22523018521307,#DIV/0!,,1,,#N/A,#N/A,#N/A,#N/A,#N/A,,,,
Fuji,MicroSparc2,1994-06-01,85,32,?,cmos,0.5,3,2.3,233,16,8,0,,3.3,,65.3,54.6,,,17,9,0.11,0.05,,,65,0.001292,,0.080722,0.000000,,#VALUE!,,,,0.0403609457958195,0,#VALUE!,,1,,#N/A,#N/A,#N/A,#N/A,#N/A,,,,
,,1995-06-01,110,,9,cmos,0.4,3,,233,,,,,3.3,,79,65,,,21,10,0.13,0.06,,,63,0.001208,0.04,0.097159,0.000000,92.6318242938467,#DIV/0!,22.6151914779899,0.00429617558914609,,0.038863533428642,21.2653407469804,#DIV/0!,,1,,#N/A,#N/A,#N/A,#N/A,#N/A,,,,
Ross,HyperSparc,1993-06-01,72,32,?,cmos,0.8,2,1.2,135,8,0,0,,5,,80,105,,,21,17,0.13,0.10,,,48,0.001869,,0.116901,0.000000,,#VALUE!,,,,0.0935210117060516,0,#VALUE!,,1,,#N/A,#N/A,#N/A,#N/A,#N/A,,,,
,,1994-06-01,100,32,?,cmos,0.5,3,1.7,327,8,0,0,,3.3,,112,127,,,29,20,0.19,0.12,,,56,0.001884,,0.154211,0.000000,,#VALUE!,,,,0.0771055436588075,0,#VALUE!,,1,,#N/A,#N/A,#N/A,#N/A,#N/A,,,,
,,1995-08-28,150,32,?,cmos,0.4,3,1.7,?,8,0,0,,3.3,,180,245,4.1,4.9,44,37,0.28,0.22,,,46,0.001862,,0.249777,0.000000,,#VALUE!,,,,0.099910805577304,0,#VALUE!,,1,,#N/A,#N/A,#N/A,#N/A,#N/A,,,,
HAL,Sparc64,1995-10-01,118,64,30,cmos,0.4,4,2.7,297,4,4,0,,3.3,,,,5.1,9.5,54,72,0.35,0.43,,,59,0.002944,0.10,0.387234,0.000000,77.4725914542098,#DIV/0!,18.9142068980004,0.020473167330753,,0.154893489100498,17.7852597461455,#DIV/0!,,1,,#N/A,#N/A,#N/A,#N/A,#N/A,,,,
Fujitsu,TurboSparc,1996-09-30,170,64,7,cmos,0.35,4,3,132,16,16,0,,3.3,,256,330,3.5,3,37,23,0.24,0.13,,,47,0.001402,0.05,0.186634,0.000000,37.5065175115496,#DIV/0!,13.6685559444423,0.013654275575173,,0.0653219803530295,9.84035616202273,#DIV/0!,,1,,#N/A,#N/A,#N/A,#N/A,#N/A,,,,
Fujitsu,Sparc64 GP,1999-04-01,272,64,50,cmos,0.4,4,2.7,240,4,4,0,,3.3,,,,17.6,27.1,187,205,1.20,1.22,,,26,0.004407,0.21,1.208563,0.000000,41.3714497635551,#DIV/0!,10.1004516024304,0.119654344618191,,0.48342516673463,9.4975779989796,#DIV/0!,,1,,#N/A,#N/A,#N/A,#N/A,#N/A,,,,
,,1998-05-05,360,64,25,,0.35,,,,,,,,2.6,,,,16.1,23.5,171,178,1.10,1.06,,,22,0.003046,,1.076556,0.000000,23.222203947593,#DIV/0!,8.46290231326277,0.127208826388954,,0.376794554890081,9.81496362958286,#DIV/0!,,1,,#N/A,#N/A,#N/A,#N/A,#N/A,,,,
,,1999-05-01,450,64,21,,0.25,,,126,,,,,1.9,,,,19.6,27.1,208,205,1.34,1.22,,,25,0.002967,0.17,1.276677,0.000000,16.4489528570901,#DIV/0!,16.4489528570901,0.077614485496881,,0.319169253241374,18.2259865452521,#DIV/0!,,1,,#N/A,#N/A,#N/A,#N/A,#N/A,,,,
Sun SuperSparc,SuperSparc,1992-06-01,60,32,14.2,cmos,0.6,3,3.1,256,20,16,0,,5,,89,103,,,23,16,0.15,0.10,,,77,0.002495,0.06,0.123526,0.000000,114.955761730479,#DIV/0!,8.31566563443857,0.0148545870253939,,0.074115467304507,7.66371744869859,#DIV/0!,,1,,#N/A,#N/A,#N/A,#N/A,#N/A,,,,
,SuperSparc II,1995-06-01,90,32,16,cmos,0.6,3,3.1,299,20,16,0,,3.3,,135,147,,,35,23,0.23,0.14,,,51,0.002523,0.05,0.183006,0.000000,87.4287036594872,#DIV/0!,6.32441432721985,0.0289364753307106,,0.109803755496474,13.3805790724651,#DIV/0!,,1,,#N/A,#N/A,#N/A,#N/A,#N/A,,,,
Sun UltraSparc,UltraSparc I,1995-11-07,200,64,30,cmos,0.4,4,5.2,265,16,16,0,,3.3,,322,462,7.8,11.4,83,86,0.53,0.51,,,35,0.002656,0.11,0.521896,0.000000,57.482682933902,#DIV/0!,14.0338581381597,0.0371883699344724,,0.208758523219915,13.1962082033751,#DIV/0!,,1,,#N/A,#N/A,#N/A,#N/A,#N/A,,,,
Sun,UltraSparc II,1997-01-22,250,64,25,cmos,0.35,5,5.4,149,16,16,0,,2.6,,,,10.4,15,111,114,0.71,0.67,,,32,0.002834,0.17,0.691366,0.000000,36.1602915731566,#DIV/0!,13.1779488240367,0.0524638633731599,,0.241978137324963,15.2833015947407,#DIV/0!,,1,,#N/A,#N/A,#N/A,#N/A,#N/A,,,,
Sun  UltraSparc III (2000),UltraSparc III,2000-09-27,900,64,70,cmos,0.18,7,29,210,64,32,0,,1.7,,,,,,467,482,2.99,2.86,,,17,0.003323,0.33,2.926858,0.000000,23.9164296446536,#DIV/0!,64.0765111793059,0.0456775536081881,,0.526834489395314,45.9754510662314,#DIV/0!,,1,,0.0000000000407625,11.930606041098,0,0.0132562289345534,0,,,,
Sun Niagara (2005),Niagara,2005-07-01,1400,64,72,cmos,0.09,,300,340,16,8,3072,,1.1,,,,,,,,?,?,,,44,#VALUE!,0.21,#VALUE!,0.000000,#VALUE!,#DIV/0!,#VALUE!,#VALUE!,,#VALUE!,#VALUE!,#DIV/0!,1,8,8,0.0000000000210675,#VALUE!,0,#VALUE!,0,,,,
,Niagara 2,2007-07-01,1400,64,84,cmos,0.065,11,503,342,16,8,4096,,1.1,,,,,,,,?,?,,,61,#VALUE!,0.25,#VALUE!,0.000000,#VALUE!,#DIV/0!,#VALUE!,#VALUE!,,#VALUE!,#VALUE!,#DIV/0!,1,8,8,0.000000000015825,#VALUE!,0,#VALUE!,0,,,,
,,,,,,,,,,,,,,,,,,,,,,,,,,,,,,,,,#DIV/0!,,,,,#DIV/0!,#DIV/0!,,,,,0,#DIV/0!,#DIV/0!,#DIV/0!,,,,
Mips R2000,,1986-01-06,16,32,3,cmos,2,2,0.11,80,0,0,0,,5,,,,,,,,,,,,87,,0.04,0.000000,0.000000,,#DIV/0!,,,,,0,#DIV/0!,,1,,#N/A,#N/A,#N/A,#N/A,#N/A,,,,
Mips R3000,,1988-06-01,40,32,4,cmos,1.2,2,0.12,56,0,0,0,,5,,27.9,35.8,,,7,6,0.05,0.03,,,58,0.001173,0.07,0.040382,0.000000,99.0529824214538,#DIV/0!,0.895661371721769,0.0450867146595694,,0.0484589144381015,3.30176608071513,#DIV/0!,,1,,#N/A,#N/A,#N/A,#N/A,#N/A,,,,
Mips R4000,,1992-06-01,100,64,15,cmos,1,2,1.1,213,8,8,0,,5,,59,61,,,15,10,0.10,0.06,,,28,0.000992,,0.078447,0.000000,191.210920105179,#DIV/0!,2.98767062664343,0.0262570451167739,,0.0784474024378365,7.64843680420717,#DIV/0!,,1,,#N/A,#N/A,#N/A,#N/A,#N/A,,,,
Mips R4400,,1992-06-01,150,64,15,cmos,0.6,3,2.3,186,16,16,0,,3.3,,109,97,,,29,15,0.18,0.09,,,31,0.001222,0.08,0.137512,0.000000,109.081493659805,#DIV/0!,7.89073304830766,0.0174270080547356,,0.0825071210343754,16.6944434741055,#DIV/0!,,1,,#N/A,#N/A,#N/A,#N/A,#N/A,,,,
Mips R4400,,1994-05-01,200,64,?,cmos,0.5,,,148,,,,,,,146,143,,,38,23,0.25,0.14,,,28,0.001228,,0.190368,0.000000,#VALUE!,#VALUE!,#VALUE!,#VALUE!,,0.095183917251145,#VALUE!,#VALUE!,,1,,#N/A,#N/A,#N/A,#N/A,#N/A,,,,
Mips R4400,,1995-07-31,250,64,?,cmos,0.35,,,108,,,,,,,180,178,,,47,28,0.30,0.17,,,32,0.001211,,0.235503,0.000000,#VALUE!,#VALUE!,#VALUE!,#VALUE!,,0.0824259557437896,#VALUE!,#VALUE!,,1,,#N/A,#N/A,#N/A,#N/A,#N/A,,,,
Mips R4600,,1994-06-01,150,64,3,cmos,0.6,3,1.9,77,16,16,0,,3.3,,114,83,,,30,13,0.19,0.08,,,31,0.001278,0.04,0.135102,0.000000,22.2054918154746,#DIV/0!,1.60630004452218,0.0841073959119975,,0.0810610282788517,3.39845298675767,#DIV/0!,,1,,#N/A,#N/A,#N/A,#N/A,#N/A,,,,
Mips R5000,,1996-01-08,200,64,10,cmos,0.35,3,3.6,84,32,32,0,,3.3,,,,5.5,5.5,58,42,0.37,0.25,,,40,0.001873,0.12,0.310944,0.000000,32.1601530852184,#DIV/0!,11.7201724071495,0.0265306501220679,,0.10883032772654,8.43766314711226,#DIV/0!,,1,,#N/A,#N/A,#N/A,#N/A,#N/A,,,,
Mips R8000 int,,1994-06-07,75,64,30,cmos,0.7,3,2.6,298,16,16,0,,3.3,,,,,,,,,,,,53,0.000000,,0.000000,0.000000,#DIV/0!,#DIV/0!,#DIV/0!,#DIV/0!,,0,#DIV/0!,#DIV/0!,,1,,#N/A,#N/A,#N/A,#N/A,#N/A,,,,
Mips R8010 fp,,1994-06-07,75,64,?,cmos,0.7,3,0.8,298,16,16,0,,3.3,,,,,,,,,,,,53,0.000000,,0.000000,0.000000,#VALUE!,#VALUE!,#VALUE!,#VALUE!,,0,#VALUE!,#VALUE!,,1,,#N/A,#N/A,#N/A,#N/A,#N/A,,,,
Mips R10000,,1996-01-18,200,64,30,cmos,0.35,4,6.8,298,32,32,0,,3.3,,,,11.4,19.1,121,145,0.78,0.86,,,40,0.003883,0.10,0.817584,0.000000,36.6934898490743,#DIV/0!,13.3722630645315,0.0611402660825762,,0.286154302662081,9.62704705472237,#DIV/0!,,1,,#N/A,#N/A,#N/A,#N/A,#N/A,,,,
Mips R12000,,1998-11-24,300,64,30,cmos,0.25,4,6.9,204,32,32,0,,2.5,,,,18.4,34.4,196,260,1.25,1.55,,,37,0.004178,0.15,1.399899,0.000000,21.4301125406629,#DIV/0!,21.4301125406629,0.0653239369879385,,0.349974830312674,13.7152720260243,#DIV/0!,,1,,#N/A,#N/A,#N/A,#N/A,#N/A,,,,
Mips R12000A,,2000-07-01,400,64,?,cmos,0.18,,,106,32,32,0,,1.8,,,,,,353,407,,,,,39,0.000000,,0.000000,0.000000,#VALUE!,#VALUE!,#VALUE!,#VALUE!,,0,#VALUE!,#VALUE!,,1,,0.00000000003929,0,0,0,0,,,,
,,,,,,,,,,,,,,,,,,,,,,,,,,,,,,,,,#DIV/0!,,,,,#DIV/0!,#DIV/0!,,,,#N/A,#N/A,#N/A,#N/A,#N/A,,,,
HP PA-7000,,1991-06-01,66,32,?,cmos,1,2,0.58,196,0,0,0,,5,,51,82,,,13,13,0.09,0.08,,,42,0.001300,#VALUE!,0.081642,0.000000,#VALUE!,#VALUE!,#VALUE!,#VALUE!,,0.0816421019641414,#VALUE!,#VALUE!,,1,,#N/A,#N/A,#N/A,#N/A,#N/A,,,,
Hitachi harp-1,,1994-06-01,120,32,?,bicmos,0.5,4,2.8,267,8,16,0,,3.3,,70,120,,,18,19,0.12,0.11,,,46,0.000981,#VALUE!,0.115579,0.000000,#VALUE!,#VALUE!,#VALUE!,#VALUE!,,0.0577893148792297,#VALUE!,#VALUE!,,1,,#N/A,#N/A,#N/A,#N/A,#N/A,,,,
HP PA-7100,,1992-06-01,100,32,10,cmos,0.8,3,0.85,202,0,0,0,,5,,124,159,,,33,25,0.21,0.15,,,35,0.002086,0.05,0.179425,0.000000,55.7336067533803,#DIV/0!,1.70085469828431,0.105491055330869,,0.143539965669184,2.78668033766902,#DIV/0!,,1,,#N/A,#N/A,#N/A,#N/A,#N/A,,,,
HP PA-7150,,1994-06-04,125,32,10,cmos,0.8,3,0.85,196,0,0,0,,5,,149,201,5.2,4.6,55,35,0.35,0.21,,,28,0.002834,0.05,0.280496,0.000000,35.6510927926393,#DIV/0!,1.08798500954099,0.257812661221368,,0.224397048542975,1.78255463963197,#DIV/0!,,1,,#N/A,#N/A,#N/A,#N/A,#N/A,,,,
HP PA-7200,,1994-06-01,120,32,30,cmos,0.55,3,1.26,210,0,2,0,,4.4,,,,6.4,9.1,68,69,0.44,0.41,,,42,0.003633,0.14,0.422517,0.000000,71.0031257054399,#DIV/0!,6.66821240659654,0.0633628001966173,,0.23238413571328,6.66821240659654,#DIV/0!,,1,,#N/A,#N/A,#N/A,#N/A,#N/A,,,,
HP PA-7300LC,,1996-09-01,160,32,15,cmos,0.5,3,9,259,64,64,0,,3.3,,,,7.8,7.6,83,58,0.53,0.34,,,35,0.003321,0.06,0.436479,0.000000,34.3658990006181,#DIV/0!,4.29573737507726,0.101607514354375,,0.218239598500394,6.31145987155521,#DIV/0!,,1,,#N/A,#N/A,#N/A,#N/A,#N/A,,,,
HP PA-8000,,1996-06-04,180,64,40,cmos,0.5,4,3.9,345,0,0,0,,3.3,,,,11.8,20.2,125,153,0.80,0.91,,,31,0.004465,0.12,0.855933,0.000000,46.7326545095818,#DIV/0!,5.84158181369772,0.146524104984778,,0.427966273473708,8.58267300451456,#DIV/0!,,1,,#N/A,#N/A,#N/A,#N/A,#N/A,,,,
HP PA-8200,,1997-05-01,220,64,58,cmos,0.5,5,3.8,338,0,0,0,,3.3,,,,15.5,25,165,189,1.06,1.12,,,25,0.004799,0.17,1.089839,0.000000,53.2188737055202,#DIV/0!,6.65235921319003,0.163827431446003,,0.544919461476539,9.77389783388802,#DIV/0!,,1,,#N/A,#N/A,#N/A,#N/A,#N/A,,,,
HP PA-8500,,1998-09-01,440,64,42,cmos,0.25,5,140,467,512,1024,0,,2,,,,31.8,47.2,338,357,2.17,2.12,,,25,0.004923,0.09,2.143985,0.000000,19.5896933099358,#DIV/0!,19.5896933099358,0.109444518936877,,0.53599614010672,19.5896933099358,#DIV/0!,,1,,#N/A,#N/A,#N/A,#N/A,#N/A,,,,
HP PA-8600,,2000-11-01,552,64,53,cmos,0.25,5,140,467,512,1024,0,,2,,,,,,441,433,2.82,2.57,,,20,0.005117,0.11,2.698088,0.000000,19.6435387902785,#DIV/0!,19.6435387902785,0.137352450482313,,0.674522047247279,19.6435387902785,#DIV/0!,,1,,#N/A,#N/A,#N/A,#N/A,#N/A,,,,
HP PA-8700 (2001),,2001-05-01,750,64,42,cmos,0.18,7,186,306,768,1536,0,,1.65,,,,,,603,581,3.86,3.45,,,21,0.005150,0.14,3.656376,0.000000,11.4867826987934,#DIV/0!,30.7752022751451,0.118809171920225,,0.658147733637735,23.4400218320444,#DIV/0!,,1,,0.0000000000407625,14.9043038846712,0,0.0198724051795616,0,,,,
,,,,,,,,,,,,,,,,,,,,,,,,,,,,,,0.000000,0.000000,,#DIV/0!,,,,,#DIV/0!,#DIV/0!,,,,#N/A,#N/A,#N/A,#N/A,#N/A,,,,
Motorola,6800,,,8,,,,,0.0068,16,,,,,5,,,,,,,,,,,,,,,0.000000,0.000000,,#DIV/0!,,,,,#DIV/0!,#DIV/0!,,1,,#N/A,#N/A,#N/A,#N/A,#N/A,,,,
,68000,1979-09-01,14,16,,,,,0.068,44,,,,,5,0.7,,,,,0.14,,0.00,0.00,,,,0.000062,,0.000436,0.000000,,#DIV/0!,,,,,#DIV/0!,#DIV/0!,,1,,#N/A,#N/A,#N/A,#N/A,#N/A,,,,
,68010,1983-06-01,14,16,1.5,,,,0.068,44,,,,,5,1,,,,,0.19,,0.00,0.00,,,,0.000089,,0.000624,0.000000,,#DIV/0!,,,,,#DIV/0!,#DIV/0!,,1,,#N/A,#N/A,#N/A,#N/A,#N/A,,,,
,68020,1982-06-01,25,32,0.72,cmos,1.5,2,0.19,85,0.25,0,0,,5,,,,,,,,,,,,74,,0.01,0.000000,0.000000,,#DIV/0!,,,,,0,#DIV/0!,,1,,#N/A,#N/A,#N/A,#N/A,#N/A,,,,
,68030,1987-06-01,50,32,,,1.2,2,0.27,102,0.25,0.25,0,,5,,,,,,,,,,,,46,,,0.000000,0.000000,,#DIV/0!,,,,,0,#DIV/0!,,1,,#N/A,#N/A,#N/A,#N/A,#N/A,,,,
,68040,1991-01-15,33,32,6,cmos,0.8,3,1.2,164,4,4,0,,5,,35,25,,,9,4,0.06,0.02,,,105,0.001784,0.04,0.041251,0.000000,,#DIV/0!,,,,,0,#DIV/0!,,1,,#N/A,#N/A,#N/A,#N/A,#N/A,,,,
,68060,1994-04-01,66,32,,cmos,0.5,3,2.4,198,8,8,0,,3.3,100,,,,,19.47,,0.12,0.00,,,84,0.001889,,0.062352,0.000000,,#DIV/0!,,,,,0,#DIV/0!,,1,,#N/A,#N/A,#N/A,#N/A,#N/A,,,,
,,,,,,,,,,,,,,,,,,,,,,,,,,,,,,,,,#DIV/0!,,,,,#DIV/0!,#DIV/0!,,,,,0,#DIV/0!,#DIV/0!,#DIV/0!,,,,
IBM,,,,,,,,,,,,,,,,,,,,,,,,,,,,,,0.000000,0.000000,,#DIV/0!,,,,,#DIV/0!,#DIV/0!,,,,#N/A,#N/A,#N/A,#N/A,#N/A,,,,
IBM PowerPC,601,1993-04-01,66,32,6.5,cmos,0.6,4,2.8,121,32,,0,,3.6,,40,60,,,11,10,0.07,0.06,,,70,0.001019,0.05,0.061995,0.000000,104.847776466218,#DIV/0!,7.58447457076228,0.00817388705385853,,0.0371967831025638,13.4835103480218,#DIV/0!,,1,,#N/A,#N/A,#N/A,#N/A,#N/A,,,,
IBM PowerPC,601v,1995-06-01,120,32,5.6,cmos,0.5,4,2.8,121,32,,0,,3.3,,105,125,,,28,20,0.18,0.12,,,46,0.001472,0.05,0.147379,0.000000,37.9973842520699,#DIV/0!,4.74967303150874,0.0310292024204752,,0.0736892829628783,6.97839931167492,#DIV/0!,,1,,#N/A,#N/A,#N/A,#N/A,#N/A,,,,
IBM PowerPC,602,1995-02-01,66,32,1.2,cmos,0.5,4,1,50,4,4,0,,3.3,,40,60,,,11,10,0.07,0.06,,,84,0.001019,0.02,0.061995,0.000000,19.3565125783787,#DIV/0!,2.41956407229733,0.0256222346885033,,0.0309973192521365,3.5549150740824,#DIV/0!,,1,,#N/A,#N/A,#N/A,#N/A,#N/A,,,,
IBM PowerPC,603,1993-09-01,80,32,2.2,cmos,0.5,4,1.6,83,8,8,0,,3.3,,75,85,,,20,14,0.13,0.08,,,69,0.001577,0.03,0.103245,0.000000,21.3084847288486,#DIV/0!,2.66356059110608,0.038762120968561,,0.0516226289197729,3.91340399060581,#DIV/0!,,1,,#N/A,#N/A,#N/A,#N/A,#N/A,,,,
IBM PowerPC,603e,1995-10-01,100,32,3.5,cmos,0.5,4,2.6,98,16,16,0,,3.3,,120,105,,,32,17,0.20,0.10,,,56,0.002019,0.04,0.150544,0.000000,23.2490395026984,#DIV/0!,2.9061299378373,0.0518021756951941,,0.0752719268164556,4.2697960519189,#DIV/0!,,1,,#N/A,#N/A,#N/A,#N/A,#N/A,,,,
IBM PowerPC,,1996-05-13,200,32,5.5,cmos,0.35,5,2.6,80,16,16,0,,2.5,,,,5.3,4,56,30,0.36,0.18,,,40,0.001805,0.07,0.270415,0.000000,20.3391006442489,#DIV/0!,7.41220868959508,0.0364823920289599,,0.0946452861249947,9.29787458022807,#DIV/0!,,1,,#N/A,#N/A,#N/A,#N/A,#N/A,,,,
IBM PowerPC,,1997-04-04,300,32,3.5,cmos,0.25,5,2.6,42,16,16,0,,2.5,,,,7.4,6.1,79,46,0.50,0.27,,,37,0.001680,0.08,0.389139,0.000000,8.99421319035607,#DIV/0!,8.99421319035607,0.0432654962543047,,0.0972847742744421,5.75629644182789,#DIV/0!,,1,,#N/A,#N/A,#N/A,#N/A,#N/A,,,,
IBM PowerPC,604,1994-12-01,100,32,14,cmos,0.5,4,3.6,197,16,16,0,,2.5,,,,3.6,3.2,38,24,0.25,0.14,,,56,0.002452,0.07,0.194536,0.000000,71.9662726447889,#DIV/0!,8.99578408059861,0.0216251935425752,,0.0972677859050809,23.0292072463324,#DIV/0!,,1,,#N/A,#N/A,#N/A,#N/A,#N/A,,,,
IBM PowerPC,604e,1996-07-22,225,32,14,cmos,0.5,5,5.1,148,32,32,0,,2.5,,,,10.2,7.6,108,58,0.69,0.34,,,25,0.003088,0.09,0.518216,0.000000,27.0157559099515,#DIV/0!,3.37696948874393,0.153455965202767,,0.259108056177747,8.64504189118447,#DIV/0!,,1,,#N/A,#N/A,#N/A,#N/A,#N/A,,,,
IBM PowerPC,,1997-08-01,350,32,8,cmos,0.25,,,47,32,32,0,,1.9,,,,14.6,9,155,68,0.99,0.40,,,32,0.002841,0.17,0.699537,0.000000,11.4361423867476,#DIV/0!,11.4361423867476,0.061168929359884,,0.174884146451135,12.6716259132937,#DIV/0!,,1,,#N/A,#N/A,#N/A,#N/A,#N/A,,,,
IBM PowerPC,620,1995-07-01,133,64,30,cmos,0.5,4,7,311,32,32,0,,3.3,,225,300,6,6,64,45,0.41,0.27,,,42,0.003073,0.10,0.339211,0.000000,88.4404209843505,#DIV/0!,11.0550526230438,0.0306838350446777,,0.169605705547854,16.2425015581911,#DIV/0!,,1,,#N/A,#N/A,#N/A,#N/A,#N/A,,,,
IBM PowerPC,630 (Power3),1998-10-01,200,64,?,cmos,0.25,5,,270,32,64,0,,2.5,,,,13.2,30.1,140,228,0.90,1.35,,,56,0.004496,,1.126146,0.000000,#VALUE!,#VALUE!,#VALUE!,#VALUE!,,0.281536616676856,#VALUE!,#VALUE!,,1,,#N/A,#N/A,#N/A,#N/A,#N/A,,,,
IBM PowerPC,740 (G3),1997-08-04,266,32,8,cmos,0.29,5,6.4,67,32,32,0,,2.6,,,,11.5,6.9,122,52,0.78,0.31,,,36,0.002945,0.12,0.546756,0.000000,14.6317675054036,#DIV/0!,9.3739541298098,0.0583270982858624,,0.158559107718409,7.4636643059598,#DIV/0!,,1,,#N/A,#N/A,#N/A,#N/A,#N/A,,,,
IBM PowerPC,750 (G3),1998-10-04,400,32,8,cmos,0.25,5,6.4,40,32,32,0,,2.6,,,,19.2,13.1,204,99,1.31,0.59,,,28,0.003269,0.20,0.948360,0.000000,8.43561895572609,#DIV/0!,8.43561895572609,0.112423235219955,,0.237089893521376,4.9914905063468,#DIV/0!,,1,,#N/A,#N/A,#N/A,#N/A,#N/A,,,,
IBM PowerPC,7400 (G4),1999-08-05,500,32,6,cmos,0.22,6,10.5,83,32,32,0,,1.8,,,,21.4,20.4,228,154,1.46,0.92,,,25,0.002915,0.07,1.187376,0.000000,5.05315989143158,#DIV/0!,7.41506605030225,0.160130177901985,,0.261222686073771,7.0891693201902,#DIV/0!,,1,,#N/A,#N/A,#N/A,#N/A,#N/A,,,,
IBM PowerPC (2001),7450 (G4),2001-07-18,733,32,23,cmos,0.18,6,33,106,32,32,256,,1.8,,,,32.1,23.9,341,181,2.19,1.07,,,21,0.002983,0.22,1.630460,0.000000,14.1064492223942,#DIV/0!,37.7937704217952,0.0431409699745881,,0.293482784698766,24.1880130699489,#DIV/0!,,1,,3.50E-11,5.70660970247601,0,0.00778527926667941,0,,,,
,,,,,,,,,,,,,,,,,,,,,,,,,,,,,,,0.000000,,#DIV/0!,,,,,#DIV/0!,#DIV/0!,,,,,0,#DIV/0!,#DIV/0!,#DIV/0!,,,,
IBM-Power (2004-2007),Power5,2004-06-26,1900,64,100,cmos,0.13,6,276,389,64,32,3*640,36,1.2,,,,,,1398,2576,8.95,15.30,,,22,0.004713,0.26,12.126505,0.000000,8.2463993828629,#DIV/0!,58.6481521880896,0.206767035985712,,1.57644559721613,44.0512787546095,#DIV/0!,1,2,2,0.0000000000280775,34.0481932737198,0,0.0179201017230104,0,,,,
,Power6,2007-05-06,4700,64,100,cmos (SOI),0.065,10,790,341,64,64,4096,32,1.2,,,,,,,,17.80,18.70,,,18,0.003787,0.29,18.250000,0.000000,5.47945205479452,#DIV/0!,311.757627150348,0.058539065,,1.18625,58.5411544315654,#DIV/0!,1,2,,1.52E-11,27.74,0,0.00590212765957447,0,,,,
,Power7,2007-05-06,,64,,cmos (SOI),0.045,,1200,341,32,32,256,4096,,,,,,,,,,,,,#DIV/0!,#DIV/0!,0.00,0.000000,0.000000,#DIV/0!,#DIV/0!,#DIV/0!,#DIV/0!,,0,#DIV/0!,#DIV/0!,1,8,4,#N/A,#N/A,#N/A,#N/A,#N/A,,,,
,,,,,,,,,,,,,,,,,,,,,,,,,,,,,,,0.000000,,#DIV/0!,,,,,#DIV/0!,#DIV/0!,,,,,0,#DIV/0!,#DIV/0!,#DIV/0!,,,,
Cirix,486SLC,1992-01-06,33,32,?,cmos,?,?,0.6,108,1 u,,0,,5,,,,,,,,,,,,,,,0.000000,0.000000,,#VALUE!,,,,,#VALUE!,#VALUE!,,1,,#N/A,#N/A,#N/A,#N/A,#N/A,,,,
,486DX,1993-01-06,100,32,?,cmos,?,?,1.1,196,8 u,,0,,5,,,,,,,,,,,,,,,0.000000,0.000000,,#VALUE!,,,,,#VALUE!,#VALUE!,,1,,#N/A,#N/A,#N/A,#N/A,#N/A,,,,
,5x86,1995-06-01,120,32,3,cmos,0.65,3,2,144,16 u,,0,,3.3,,,,,,,,,,,,36,,0.02,0.000000,0.000000,,#DIV/0!,,,,,0,#DIV/0!,,1,,#N/A,#N/A,#N/A,#N/A,#N/A,,,,
,M1 (6x86),1996-02-05,120,32,12,cmos,0.65,5,3,210,16 u,,0,,3.3,,,,,,,,,,,,36,,0.06,0.000000,0.000000,,#DIV/0!,,,,,0,#DIV/0!,,1,,#N/A,#N/A,#N/A,#N/A,#N/A,,,,
,M2,1997-05-30,188,32,13,cmos,0.35,5,6.5,197,64 u,,0,,2.9,,,,5.1,2.7,54,20,0.35,0.12,,,42,0.001848,0.07,0.234382,0.000000,,#DIV/0!,,,,,0,#DIV/0!,,1,,#N/A,#N/A,#N/A,#N/A,#N/A,,,,
,III,2000-02-22,450,32,16,cmos,0.18,6,22,76,64 u,,256,,2.2,,,,,,,,,,,,34,,0.21,0.000000,0.000000,,#DIV/0!,,,,,0,#DIV/0!,,1,,#N/A,#N/A,#N/A,#N/A,#N/A,,,,
,,,,,,,,,,,,,,,,,,,,,,,,,,,,,,,0.000000,,#DIV/0!,,,,,#DIV/0!,#DIV/0!,,,,,0,#DIV/0!,#DIV/0!,#DIV/0!,,,,
NextGen,Nx586,1994-03-15,93,32,9,cmos,0.5,5,3.5,165,16,16,0,,4,,,,,,,,,,,,60,,0.05,0.000000,0.000000,,#DIV/0!,,,,,0,#DIV/0!,,,,#N/A,#N/A,#N/A,#N/A,#N/A,,,,
,,,,,,,,,,,,,,,,,,,,,,,,,,,,,,,0.000000,,#DIV/0!,,,,,#DIV/0!,#DIV/0!,,,,,0,#DIV/0!,#DIV/0!,#DIV/0!,,,,
AMD,Am486,1993-03-01,40,32,3,cmos,0.5,3,0.93,89,8u,,0,,5,,,,,,,,,,,,139,,0.03,0.000000,0.000000,,#DIV/0!,,,,,0,#DIV/0!,,1,,#N/A,#N/A,#N/A,#N/A,#N/A,,,,
AMD,K5,1996-03-27,90,32,11,cmos,0.5,3,4.3,251,16,8,0,,3.5,,,,,,,,,,,,62,,0.04,0.000000,0.000000,,#DIV/0!,,,,,0,#DIV/0!,,1,,#N/A,#N/A,#N/A,#N/A,#N/A,,,,
AMD,K6,1997-04-02,233,32,17,cmos,0.35,5,8.8,157,32,32,0,,3.3,,,,6.8,3.8,72,29,0.46,0.17,,,34,0.001988,0.11,0.317005,0.000000,53.6269079926805,#DIV/0!,19.5433338165745,0.0162206223801223,,0.110951763260565,14.0697646576625,#DIV/0!,,1,,#N/A,#N/A,#N/A,#N/A,#N/A,,,,
AMD,K6,1998-04-07,300,32,9.5,cmos,0.25,5,,68,32,32,0,,3.3,,,,8.1,4.9,86,37,0.55,0.22,,,37,0.001839,0.14,0.386005,0.000000,24.6110670202999,#DIV/0!,24.6110670202999,0.0156842125488794,,0.0965013015502753,9.03987769340677,#DIV/0!,,1,,#N/A,#N/A,#N/A,#N/A,#N/A,,,,
AMD,K6-2,1998-05-28,333,32,11.4,cmos,0.25,5,9.3,81,32,32,0,,2.4,,,,9.5,6.5,101,49,0.65,0.29,,,33,0.001943,0.14,0.469650,0.000000,24.2733861462948,#DIV/0!,24.2733861462948,0.0193483583233849,,0.117412543220099,16.8565181571492,#DIV/0!,,1,,#N/A,#N/A,#N/A,#N/A,#N/A,,,,
AMD,K6-2,1998-11-16,400,?,13.6,cmos,0.25,5,,81,,,,,2.4,,,,11.4,7.8,121,59,0.78,0.35,,,28,0.001941,0.17,0.563580,0.000000,24.1314365197083,#DIV/0!,24.1314365197083,0.0233546066350505,,0.140895051864119,16.7579420275752,#DIV/0!,,1,,#N/A,#N/A,#N/A,#N/A,#N/A,,,,
AMD,K6-III,1999-02-22,450,32,17.1,cmos,0.25,5,21.3,135,32,32,256,,2.4,,,,15.3,10.5,163,79,1.04,0.47,,,25,0.002316,0.13,0.757094,0.000000,22.5863690828452,#DIV/0!,22.5863690828452,0.033519942818163,,0.189273450031725,15.6849785297536,#DIV/0!,,1,,#N/A,#N/A,#N/A,#N/A,#N/A,,,,
AMD,K7,1999-06-23,600,32,45,cmos,0.25,6,22,184,64,64,0,,1.8,,,,27.5,22.2,292,168,1.87,1.00,,,19,0.003122,0.24,1.435585,0.000000,31.3461155536977,#DIV/0!,31.3461155536977,0.0457978460947264,,0.35889614394894,38.6989080909848,#DIV/0!,,1,,#N/A,#N/A,#N/A,#N/A,#N/A,,,,
AMD K7 (1999),K7,1999-11-29,750,?,35,cmos,0.18,6,22,102,64,64,0,,1.8,,,,32.9,26.5,350,201,2.24,1.19,,,41,0.002988,0.34,1.716149,0.000000,20.3945014471941,#DIV/0!,54.6406181605638,0.0314079323720121,,0.308906791191346,34.9699956227608,#DIV/0!,,1,,0.00000000003929,6.7427487921711,0,rrr[["Performance"]][82],0,,,,
,,,,,,,,,,,,,,,,,,,,,,,,,,,,,,0.000000,0.000000,,#DIV/0!,,,,,#DIV/0!,#DIV/0!,,1,,,0,#DIV/0!,#DIV/0!,#DIV/0!,,,,
AMD Turion (2005-2007),Turion 64 X2 MT-40 (Lancaster),2005-08-08,2200,64,25,cmos,0.09,9,114,125,64,64,1024,,1.2,,,,,,1504.04,1589.91,9.32,8.42,,,28,0.004236,0.20,8.870000,0.000000,2.8184892897407,#DIV/0!,60.4100070674875,0.146829977856,,0.7983,21.7476025442955,#DIV/0!,1,1,1,1.80E-11,15.966,0,0.00725727272727273,0,,,,
,Turion 64 X2 TL-60 (Tyler),2007-06-01,2000,64,31,cmos (SOI),0.065,9,153.8,126,64,64,1024,,1.125,,,,,,,,7.70,7.18,15.00,13.00,43,0.000000,0.25,7.440000,14.000000,4.16666666666667,2.21428571428571,237.065695645577,0.0313837056,,0.4836,50.6489395378284,26.9162935829602,1,2,1,1.50E-11,11.16,0.166666666666667,0.00558,0.0000833333333333333,,,,
AMD Athlon Thunderbird (200-2001),Athlon Thunderbird,2000-05-06,1000,32,49,cmos,0.18,6,37,120,64,64,256,,1.8,,,,,,418,321,2.68,1.91,,,31,0.002677,0.41,2.291847,0.000000,21.3801364932571,#DIV/0!,57.281315621938,0.0400103750491882,,0.412532445842039,36.6600419980403,#DIV/0!,,1,,3.50E-11,8.02146422470632,0,0.00802146422470632,0,,,,
,Athlon Thunderbird,2001-06-06,1400,,56,,0.18,,,120,,,,,1.8,,,,,,554,458,3.55,2.72,,,22,0.002535,0.47,3.134206,0.000000,17.8673640645448,#DIV/0!,47.869952590623,0.0654733470512602,,0.564157083472781,30.6367696579987,#DIV/0!,,1,,3.50E-11,10.9697210675263,0,0.00783551504823307,0,,,,
AMD Athlon XP (2002-2003),Athlon XP Thoroughbred,2002-06-02,1800,,62,,0.13,,37.2,85,,,,,1.5,,,,,,738,624,4.73,3.71,,,24,0.002626,0.73,4.216400,0.000000,14.7044881764072,#DIV/0!,104.577891559564,0.0403182706086286,,0.548131965105182,50.2717544492554,#DIV/0!,,1,,0.0000000000191326923076923,8.06710787105246,0,0.00448172659502914,0,,,,
,Athlon XP Barton,2003-02-03,2160,,74,,0.13,,54.3,101,64,64,512,,1.5,,,,,,995.00,869.00,6.37,5.16,,,20,0.002950,0.73,5.766965,0.000000,12.8317057377562,#DIV/0!,91.2587174112156,0.0631935811593133,,0.749705471478664,43.8690794453204,#DIV/0!,,1,,0.0000000000191326923076923,11.0337570055344,0,0.00510822083589554,0,,,,
AMD Athlon 64 (2004-2006),Athlon 64 FX-55,2004-06-01,2600,,89,,0.13,,105.9,193,64,64,1024,,1.5,,,,,,1854,1782,11.87,10.58,,,16,0.004567,0.46,11.229051,0.000000,7.92587007684268,#DIV/0!,56.3685571008953,0.199207708415791,,1.45977664128062,27.0969917157015,#DIV/0!,,1,,0.0000000000191326923076923,21.4841979350605,0,0.00826315305194636,0,,,,
,Athlon 64 FX-57,2005-06-05,2800,,85,,0.09,,114,115,128,128,1024,,1.4,,,,,,1862.00,2086.00,11.93,12.39,,,22,0.004259,0.74,12.157400,0.000000,6.99162677240568,#DIV/0!,149.854826226116,0.0811278477370829,,1.09416595722654,39.6350724059279,#DIV/0!,,1,,1.60E-11,19.451839239583,0,0.00694708544270822,0,,,,
AMD Athlon 64 (2006),Athlon 64 FX-62(Windsor),2006-07-01,2800,64,125,cmos,0.09,9,243,220,64,64,1024*2,,1.35,,,,,,1839.00,1944.00,11.40,10.30,22.00,19.00,22,0.004071,0.57,10.850000,20.500000,11.5207373271889,6.09756097560976,246.929383727472,0.04393968768,,0.9765,70.2376913713698,37.1745829941153,1,2,1,1.60E-11,17.36,0.149090909090909,0.0062,0.0000532467532467532,,,,
,Athlon 64 5000+(Brisbane),2006-06-06,2600,64,65,cmos,0.065,9,154,126,64,64,512*2,,1.25,,,,,,1612.00,1652.00,10.32,9.81,,,33,0.003971,0.52,10.068016,0.000000,6.45608853696137,#DIV/0!,367.324108839404,0.0274090791795027,,0.654421012941768,63.567640979312,#DIV/0!,1,2,1,1.60E-11,16.1088249339512,0,0.00619570189767355,0,,,,
AMD Opteron (2003-2007),AMD Opteron,2003-04-03,1800,64,89,,0.13,,105.9,193,64,64,1024,,1.55,,,,,,1170.00,1219.00,7.49,7.24,,,24,0.004163,0.46,7.366725,0.000000,12.0813524374257,#DIV/0!,85.9222265975318,0.0857371277035308,,0.957674238867358,38.6819897140022,#DIV/0!,,1,,0.000000000024225,17.8458911050475,0,0.00991438394724861,0,,,,
,Opteron 8220 (Santa Rosa ),2007-02-02,2800,64,120,cmos,0.09,9,243,220,128,128,1024*2,,1.375,,,,,,1611.00,1996.00,10.50,12.80,23.50,22.50,22,0.003750,0.55,11.650000,23.000000,10.3004291845494,5.21739130434783,220.77394514209,0.052768908,,1.0485,60.5351210111257,30.6623547730267,4,2,1,1.60E-11,18.64,0.167272727272727,0.00665714285714286,0.0000597402597402597,,,,
,Opteron 8222 (Santa Rosa ),2007-04-02,3000,64,120,cmos,0.09,9,243,220,128,128,1024*2,,1.375,,,,,,,,11.20,13.00,25.50,23.75,21,0.003733,0.55,12.100000,24.625000,9.91735537190083,4.87309644670051,212.563343876475,0.056924208,,1.089,58.2838148578194,28.6389506509488,4,2,1,1.60E-11,19.36,0.179090909090909,0.00645333333333333,0.0000596969696969697,,,,
,Opteron 8350 (Barcelona),2007-09-02,2000,64,75,cmos (SOI),0.065,9,463,285,128,128,512,2048,1.2,,,,,,,,11.20,13.00,35.00,32.25,43,0.000000,0.26,12.100000,33.625000,6.19834710743802,2.23048327137546,352.659712530611,0.0343106954666667,,0.7865,66.221657130748,23.8299494805071,1,4,1,1.50E-11,18.15,0.176973684210526,0.009075,0.0000884868421052632,,,,
AMD Phenom (2007),Phenom 9750 (Barcelona),2007-09-02,2400,64,125,cmos (SOI),0.065,9,450,285,256,256,2048,2048,1.3,,,,,,,,12.60,14.20,42.00,35.00,36,0.000000,0.44,13.400000,38.500000,9.32835820895522,3.24675324675325,530.744094728904,0.02524757248,,0.871,84.9190551566247,29.556242573994,1,4,,1.50E-11,20.1,0.202631578947368,0.008375,0.0000844298245614035,,,,
AMD Phenom II (2009),Phenom II X4 955 BE (Deneb),2009-08-01,3200,64,125,cmos,0.045,,758,258,256,256,2048,6144,1.325,,,,,,,,18,18,52,42,39,0.005500,0.48,18.000000,47.000000,6.94444444444444,2.65957446808511,1190.74836153025,0.015116544,,0.81,87.9008829643694,33.664167943801,1,4,1,1.40E-011,25.254,0.255585271317829,0.007891875,0.0000798703972868217,,,,
,,,,,,,,,,,,,,,,,,,,,,,,,,,,,,,,,,,,,,,,,,,,,,,,,,,
Dennard,,1985-10-01,16,,,,1.5,,,,,,,,,,,,,,,,,,,,,,,,,,,,,,,,,,,,,,,,,,,,
,,2009-06-01,533.333333333333,,,,0.045,,,,,,,,,,,,,,,,,,,,,,,,,,,,,,,,,,,,,,,,,,,,
,,,,,,,,,,,,,,,,,,,,,,,,,,,,,,,,,,,,,,,,,,,,,,,,,,,
,,,,,,,http://www.techpowerup.com/cpudb/index.php,,,,,,,,,,,,,,,,,,,,,,,,,,,,,,,,,,,,,,,,,,,,
,,,,,,,,,,,,,,,,,,,,,,,,,,,,,,,,,,,,,,,,,,,,,,,,,,,
,,,,,,,,,,,,,,,,,,,,,,,,,,,,,,,,,,,,,,,,,,,,,,,,,,,
,,,,,,,,,,,,,,,,,,,,,,,,,,,,,,,,,,,,,,,,,,,,,,,,,,,
,,,,,,,,,,,,,,,,,,,,,,,,,,,,,,,,,,,,,,,,,,,,,,,,,,,
,,,,,,,,,,,,,,,,,,,0.00619981870923614,0.00559552779160159,0.89,0.50,0.00058,0.00076,,,,,,,,,,,,,,,,,,,,,,,,,,,
,,,,,,,,,,,,,,,,,,,,,,,0.01,,,,,,,,,,,,,,,,,,,,,,,,,,,,
,,,,,,,,,,,,,,,,,,,,,,,0.01,,,,,,,,,,,,,,,,,,,,,,,,,,,,
,,,,,,,,,,,,,,,,,,,,,,,0.01,,,,,,,,,,,,,,,,,,,,,,,,,,,,
,,,,,,,,,,,,,,,,,,,,,,,0.01,,,,,,,,,,,,,,,,,,,,,,,,,,,,
,,,,,,,,,,,,,,,,,,,,,,,0.01,,,,,,,,,,,,,,,,,,,,,,,,,,,,
,,,,,,,,,,,,,,,,,,,,,,,0.01,,,,,,,,,,,,,,,,,,,,,,,,,,,,
,,,,,,,,,,,,,,,,,,,,,,,0.01,,,,,,,,,,,,,,,,,,,,,,,,,,,,
,,,,,,,,,,,,,,,,,,,,,,,0.01,,,,,,,,,,,,,,,,,,,,,,,,,,,,
